-- MySQL dump 10.13  Distrib 8.0.26, for Linux (x86_64)
--
-- Host: localhost    Database: elearning
-- ------------------------------------------------------
-- Server version	8.0.26

/*!40101 SET @OLD_CHARACTER_SET_CLIENT=@@CHARACTER_SET_CLIENT */;
/*!40101 SET @OLD_CHARACTER_SET_RESULTS=@@CHARACTER_SET_RESULTS */;
/*!40101 SET @OLD_COLLATION_CONNECTION=@@COLLATION_CONNECTION */;
/*!50503 SET NAMES utf8mb4 */;
/*!40103 SET @OLD_TIME_ZONE=@@TIME_ZONE */;
/*!40103 SET TIME_ZONE='+00:00' */;
/*!40014 SET @OLD_UNIQUE_CHECKS=@@UNIQUE_CHECKS, UNIQUE_CHECKS=0 */;
/*!40014 SET @OLD_FOREIGN_KEY_CHECKS=@@FOREIGN_KEY_CHECKS, FOREIGN_KEY_CHECKS=0 */;
/*!40101 SET @OLD_SQL_MODE=@@SQL_MODE, SQL_MODE='NO_AUTO_VALUE_ON_ZERO' */;
/*!40111 SET @OLD_SQL_NOTES=@@SQL_NOTES, SQL_NOTES=0 */;

--
-- Table structure for table `course`
--

DROP TABLE IF EXISTS `course`;
/*!40101 SET @saved_cs_client     = @@character_set_client */;
/*!50503 SET character_set_client = utf8mb4 */;
CREATE TABLE `course` (
  `c_id` varchar(50) NOT NULL,
  `c_name` varchar(255) NOT NULL,
  `c_category` varchar(100) DEFAULT NULL,
  `c_duration` int NOT NULL,
  `c_inst_name` varchar(255) DEFAULT NULL,
  `c_status` varchar(50) NOT NULL DEFAULT 'active',
  `c_type` varchar(50) NOT NULL DEFAULT 'exam',
  `division_br` varchar(100) DEFAULT NULL,
  `passing_marks` decimal(5,2) NOT NULL DEFAULT '0.00',
  `created_at` timestamp NULL DEFAULT CURRENT_TIMESTAMP,
  PRIMARY KEY (`c_id`)
) ENGINE=InnoDB DEFAULT CHARSET=utf8mb4 COLLATE=utf8mb4_0900_ai_ci;
/*!40101 SET character_set_client = @saved_cs_client */;

--
-- Dumping data for table `course`
--

LOCK TABLES `course` WRITE;
/*!40000 ALTER TABLE `course` DISABLE KEYS */;
INSERT INTO `course` VALUES ('EXM004','Negotiable Instrument Act','Laws and Practices',30,'0','active','exam','0',15.00,'2025-07-02 08:45:37'),('EXM005','Money laundering prevention ordinance','Laws and Practices',30,'XYZ','active','exam','0',15.00,'2025-07-02 09:19:07'),('EXM006','Antiterrorism ordinance','Laws and Practices',20,'0','active','exam','0',12.00,'2025-07-02 10:28:56'),('EXM007','History of Banking','Concept of Banks and Banking’s System',20,'XYZ','active','exam','0',12.00,'2025-07-02 11:30:07');
/*!40000 ALTER TABLE `course` ENABLE KEYS */;
UNLOCK TABLES;

--
-- Table structure for table `course_enrollment`
--

DROP TABLE IF EXISTS `course_enrollment`;
/*!40101 SET @saved_cs_client     = @@character_set_client */;
/*!50503 SET character_set_client = utf8mb4 */;
CREATE TABLE `course_enrollment` (
  `enroll_id` int NOT NULL AUTO_INCREMENT,
  `student_id` int NOT NULL,
  `course_id` varchar(50) NOT NULL,
  `en_status` varchar(50) NOT NULL DEFAULT 'enrolled',
  `mark_gain` decimal(5,2) DEFAULT NULL,
  `mark_perct` decimal(5,2) DEFAULT NULL,
  `enrollment_date` timestamp NULL DEFAULT CURRENT_TIMESTAMP,
  PRIMARY KEY (`enroll_id`),
  UNIQUE KEY `student_id` (`student_id`,`course_id`),
  KEY `course_id` (`course_id`),
  CONSTRAINT `course_enrollment_ibfk_1` FOREIGN KEY (`student_id`) REFERENCES `users` (`userid`) ON DELETE CASCADE,
  CONSTRAINT `course_enrollment_ibfk_2` FOREIGN KEY (`course_id`) REFERENCES `course` (`c_id`) ON DELETE CASCADE
) ENGINE=InnoDB AUTO_INCREMENT=36 DEFAULT CHARSET=utf8mb4 COLLATE=utf8mb4_0900_ai_ci;
/*!40101 SET character_set_client = @saved_cs_client */;

--
-- Dumping data for table `course_enrollment`
--

LOCK TABLES `course_enrollment` WRITE;
/*!40000 ALTER TABLE `course_enrollment` DISABLE KEYS */;
INSERT INTO `course_enrollment` VALUES (9,11,'EXM004','Fail',1.00,3.00,'2025-07-02 09:32:57'),(10,2,'EXM004','Fail',0.00,0.00,'2025-07-02 09:39:00'),(11,8,'EXM004','Pass',20.00,66.00,'2025-07-02 10:06:50'),(12,10,'EXM004','Pass',22.00,73.00,'2025-07-02 10:11:30'),(13,8,'EXM005','Pass',21.00,70.00,'2025-07-02 10:19:39'),(14,5,'EXM004','Pass',18.00,60.00,'2025-07-02 10:21:10'),(15,10,'EXM005','Pass',25.00,83.00,'2025-07-02 10:26:38'),(16,2,'EXM006','enrolled',NULL,NULL,'2025-07-02 10:29:44'),(17,7,'EXM005','started',NULL,NULL,'2025-07-02 10:32:35'),(18,13,'EXM004','Pass',25.00,83.00,'2025-07-02 10:33:08'),(19,5,'EXM005','Pass',22.00,73.00,'2025-07-02 10:34:34'),(20,8,'EXM006','Pass',13.00,65.00,'2025-07-02 10:39:00'),(21,7,'EXM006','Pass',17.00,85.00,'2025-07-02 10:39:40'),(22,7,'EXM004','enrolled',NULL,NULL,'2025-07-02 10:39:46'),(23,5,'EXM006','Pass',16.00,80.00,'2025-07-02 10:44:02'),(24,14,'EXM004','Pass',18.00,60.00,'2025-07-02 10:47:56'),(25,10,'EXM006','Pass',16.00,80.00,'2025-07-02 10:53:38'),(26,14,'EXM006','Pass',14.00,70.00,'2025-07-02 10:59:13'),(27,7,'EXM007','Pass',14.00,63.00,'2025-07-02 11:35:45'),(28,15,'EXM006','Fail',0.00,0.00,'2025-07-02 12:01:20'),(29,15,'EXM007','started',NULL,NULL,'2025-07-02 12:02:55'),(30,16,'EXM007','Pass',14.00,63.00,'2025-07-02 12:05:41'),(31,17,'EXM004','Pass',20.00,66.00,'2025-07-02 12:23:00'),(32,16,'EXM004','Pass',23.00,76.00,'2025-07-03 04:24:40'),(33,18,'EXM007','Pass',18.00,81.00,'2025-07-03 04:31:25'),(34,14,'EXM007','Fail',2.00,9.00,'2025-07-03 08:37:07'),(35,11,'EXM007','Pass',15.00,68.00,'2025-07-03 09:23:10');
/*!40000 ALTER TABLE `course_enrollment` ENABLE KEYS */;
UNLOCK TABLES;

--
-- Table structure for table `exam_attempts`
--

DROP TABLE IF EXISTS `exam_attempts`;
/*!40101 SET @saved_cs_client     = @@character_set_client */;
/*!50503 SET character_set_client = utf8mb4 */;
CREATE TABLE `exam_attempts` (
  `attempt_id` int NOT NULL AUTO_INCREMENT,
  `student_id` int NOT NULL,
  `exam_id` varchar(50) NOT NULL,
  `start_time` datetime NOT NULL,
  `end_time` datetime DEFAULT NULL,
  `status` varchar(50) DEFAULT 'started',
  `score` decimal(5,2) DEFAULT NULL,
  `total_questions_answered` int DEFAULT '0',
  `total_questions_correct` int DEFAULT '0',
  PRIMARY KEY (`attempt_id`),
  KEY `student_id` (`student_id`),
  KEY `exam_id` (`exam_id`),
  CONSTRAINT `exam_attempts_ibfk_1` FOREIGN KEY (`student_id`) REFERENCES `users` (`userid`) ON DELETE CASCADE,
  CONSTRAINT `exam_attempts_ibfk_2` FOREIGN KEY (`exam_id`) REFERENCES `course` (`c_id`) ON DELETE CASCADE
) ENGINE=InnoDB AUTO_INCREMENT=34 DEFAULT CHARSET=utf8mb4 COLLATE=utf8mb4_0900_ai_ci;
/*!40101 SET character_set_client = @saved_cs_client */;

--
-- Dumping data for table `exam_attempts`
--

LOCK TABLES `exam_attempts` WRITE;
/*!40000 ALTER TABLE `exam_attempts` DISABLE KEYS */;
INSERT INTO `exam_attempts` VALUES (9,11,'EXM004','2025-07-02 09:32:59','2025-07-02 10:19:45','graded',1.00,1,1),(10,2,'EXM004','2025-07-02 10:01:15','2025-07-02 10:02:57','graded',0.00,0,0),(11,8,'EXM004','2025-07-02 10:06:53','2025-07-02 10:19:00','graded',20.00,30,20),(12,10,'EXM004','2025-07-02 10:11:32','2025-07-02 10:19:43','graded',22.00,29,22),(13,8,'EXM005','2025-07-02 10:19:41','2025-07-02 10:30:03','graded',21.00,29,21),(14,5,'EXM004','2025-07-02 10:21:13','2025-07-02 10:34:23','graded',18.00,29,18),(15,10,'EXM005','2025-07-02 10:26:39','2025-07-02 10:35:36','graded',25.00,29,25),(16,7,'EXM005','2025-07-02 10:32:42',NULL,'started',NULL,0,0),(17,13,'EXM004','2025-07-02 10:33:12','2025-07-02 10:45:35','graded',25.00,29,25),(18,5,'EXM005','2025-07-02 10:34:35','2025-07-02 10:43:38','graded',22.00,29,22),(19,8,'EXM006','2025-07-02 10:39:12','2025-07-02 10:47:11','graded',13.00,19,13),(20,7,'EXM006','2025-07-02 10:39:51','2025-07-02 10:47:33','graded',17.00,20,17),(21,5,'EXM006','2025-07-02 10:44:05','2025-07-02 10:51:43','graded',16.00,19,16),(22,14,'EXM004','2025-07-02 10:47:58','2025-07-02 10:58:46','graded',18.00,30,18),(23,10,'EXM006','2025-07-02 10:53:43','2025-07-02 10:58:47','graded',16.00,19,16),(24,14,'EXM006','2025-07-02 10:59:15','2025-07-02 11:08:30','graded',14.00,20,14),(25,7,'EXM007','2025-07-02 11:35:49','2025-07-02 11:51:47','graded',14.00,22,14),(26,15,'EXM006','2025-07-02 12:01:21','2025-07-03 05:01:02','graded',0.00,0,0),(27,16,'EXM007','2025-07-02 12:05:44','2025-07-02 12:11:39','graded',14.00,21,14),(28,17,'EXM004','2025-07-02 12:23:04','2025-07-02 12:37:24','graded',20.00,29,20),(29,16,'EXM004','2025-07-03 04:24:42','2025-07-03 04:46:01','graded',23.00,29,23),(30,18,'EXM007','2025-07-03 04:31:28','2025-07-03 04:46:06','graded',18.00,22,18),(31,15,'EXM007','2025-07-03 05:01:05',NULL,'started',NULL,0,0),(32,14,'EXM007','2025-07-03 08:37:10','2025-07-03 09:22:38','graded',2.00,3,2),(33,11,'EXM007','2025-07-03 09:23:13','2025-07-03 09:43:04','graded',15.00,22,15);
/*!40000 ALTER TABLE `exam_attempts` ENABLE KEYS */;
UNLOCK TABLES;

--
-- Table structure for table `question_options`
--

DROP TABLE IF EXISTS `question_options`;
/*!40101 SET @saved_cs_client     = @@character_set_client */;
/*!50503 SET character_set_client = utf8mb4 */;
CREATE TABLE `question_options` (
  `option_id` int NOT NULL AUTO_INCREMENT,
  `question_id` int NOT NULL,
  `option_text` varchar(255) NOT NULL,
  `is_correct` tinyint(1) NOT NULL DEFAULT '0',
  `created_at` timestamp NULL DEFAULT CURRENT_TIMESTAMP,
  PRIMARY KEY (`option_id`),
  KEY `question_id` (`question_id`),
  CONSTRAINT `question_options_ibfk_1` FOREIGN KEY (`question_id`) REFERENCES `quiz_question` (`question_id`) ON DELETE CASCADE
) ENGINE=InnoDB AUTO_INCREMENT=473 DEFAULT CHARSET=utf8mb4 COLLATE=utf8mb4_0900_ai_ci;
/*!40101 SET character_set_client = @saved_cs_client */;

--
-- Dumping data for table `question_options`
--

LOCK TABLES `question_options` WRITE;
/*!40000 ALTER TABLE `question_options` DISABLE KEYS */;
INSERT INTO `question_options` VALUES (65,17,'A) Fixed Deposit Receipt ',0,'2025-07-02 08:46:11'),(66,17,'B) Demand Draft ',0,'2025-07-02 08:46:11'),(67,17,'C) Cheque',0,'2025-07-02 08:46:11'),(68,17,'D) Both B and C ',1,'2025-07-02 08:46:11'),(69,18,'A) Transferability ',1,'2025-07-02 08:47:07'),(70,18,'B) Profitability ',0,'2025-07-02 08:47:07'),(71,18,'C) Fixed interest rate ',0,'2025-07-02 08:47:07'),(72,18,'D) Confidentiality ',0,'2025-07-02 08:47:07'),(73,19,'A) Section 5',0,'2025-07-02 08:49:53'),(74,19,'B) Section 6 ',1,'2025-07-02 08:49:53'),(75,19,'C) Section 13',0,'2025-07-02 08:49:53'),(76,19,'D) Section 138 ',0,'2025-07-02 08:49:53'),(77,20,'A) 3 months',1,'2025-07-02 08:50:19'),(78,20,'B) 6 months',0,'2025-07-02 08:50:19'),(79,20,'C) 9 months ',0,'2025-07-02 08:50:19'),(80,20,'D) 12 months ',0,'2025-07-02 08:50:19'),(81,21,'A) Drawer ',0,'2025-07-02 08:50:54'),(82,21,'B) Payee',0,'2025-07-02 08:50:54'),(83,21,'C) Drawee',1,'2025-07-02 08:50:54'),(84,21,'D) Endorser ',0,'2025-07-02 08:50:54'),(85,22,'A) An order to pay ',0,'2025-07-02 08:51:37'),(86,22,'B) A promise to pay ',1,'2025-07-02 08:51:37'),(87,22,'C) A receipt of payment ',0,'2025-07-02 08:51:37'),(88,22,'D) None of the above ',0,'2025-07-02 08:51:37'),(89,23,'A) Fine up to twice the cheque amount ',0,'2025-07-02 08:59:40'),(90,23,'B) Imprisonment up to 2 years ',0,'2025-07-02 08:59:40'),(91,23,'C) Both A and B ',1,'2025-07-02 08:59:40'),(92,23,'D) None of the above',0,'2025-07-02 08:59:40'),(93,24,'A) Signing on the back of the instrument',1,'2025-07-02 09:00:10'),(94,24,'B) Handing over the instrument without signature ',0,'2025-07-02 09:00:10'),(95,24,'C) Cancelling the instrument ',0,'2025-07-02 09:00:10'),(96,24,'D) None of the above',0,'2025-07-02 09:00:10'),(97,25,'A) The person who writes the cheque ',0,'2025-07-02 09:00:35'),(98,25,'B) The person to whom the cheque is payable',1,'2025-07-02 09:00:35'),(99,25,'C) The bank where the cheque is drawn ',0,'2025-07-02 09:00:35'),(100,25,'D) None of the above ',0,'2025-07-02 09:00:35'),(101,26,'A) Oral ',0,'2025-07-02 09:00:59'),(102,26,'B) Written ',1,'2025-07-02 09:00:59'),(103,26,'C) Both oral and written ',0,'2025-07-02 09:00:59'),(104,26,'D) None of the above',0,'2025-07-02 09:00:59'),(105,27,'A) A holder of the instrument after maturity ',0,'2025-07-02 09:01:27'),(106,27,'B) A holder who acquires it for consideration before maturity',1,'2025-07-02 09:01:27'),(107,27,'C) A person without interest in the instrument',0,'2025-07-02 09:01:27'),(108,27,'D) None of the above',0,'2025-07-02 09:01:27'),(109,28,'A) 7 days ',0,'2025-07-02 09:01:51'),(110,28,'B) 15 days',1,'2025-07-02 09:01:51'),(111,28,'C) 30 days',0,'2025-07-02 09:01:51'),(112,28,'D) 60 days ',0,'2025-07-02 09:01:51'),(113,29,'A) Section 8 ',0,'2025-07-02 09:02:18'),(114,29,'B) Section 13',0,'2025-07-02 09:02:18'),(115,29,'C) Section 14 ',1,'2025-07-02 09:02:18'),(116,29,'D) Section 15 ',0,'2025-07-02 09:02:18'),(117,30,'A) Fixed Deposit ',0,'2025-07-02 09:02:45'),(118,30,'B) Bill of Exchange ',1,'2025-07-02 09:02:45'),(119,30,'C) Promissory Note',0,'2025-07-02 09:02:45'),(120,30,'D) None of the above ',0,'2025-07-02 09:02:45'),(121,31,'A) Drawer',0,'2025-07-02 09:03:12'),(122,31,'B) Maker',1,'2025-07-02 09:03:12'),(123,31,'C) Payee',0,'2025-07-02 09:03:12'),(124,31,'D) Drawee ',0,'2025-07-02 09:03:12'),(125,32,'A) Payable over the counter ',0,'2025-07-02 09:03:39'),(126,32,'B) Payable only to the payee\'s account ',1,'2025-07-02 09:03:39'),(127,32,'C) Payable to any bearer',0,'2025-07-02 09:03:39'),(128,32,'D) None of the above',0,'2025-07-02 09:03:39'),(129,33,'A) Ability to be transferred freely ',1,'2025-07-02 09:04:03'),(130,33,'B) Ability to generate profit ',0,'2025-07-02 09:04:03'),(131,33,'C) Fixed maturity',0,'2025-07-02 09:04:03'),(132,33,'D) None of the above',0,'2025-07-02 09:04:03'),(133,34,'A) After 30 days',0,'2025-07-02 09:04:28'),(134,34,'B) After 90 days ',1,'2025-07-02 09:04:28'),(135,34,'C) After 180 days',0,'2025-07-02 09:04:28'),(136,34,'D) After 365 days ',0,'2025-07-02 09:04:28'),(137,35,'A) A cheque payable to a specific person ',0,'2025-07-02 09:04:53'),(138,35,'B) A cheque payable to whoever holds it',1,'2025-07-02 09:04:53'),(139,35,'C) A cheque drawn on a bearer bank',0,'2025-07-02 09:04:53'),(140,35,'D) None of the above ',0,'2025-07-02 09:04:53'),(141,36,'A) A cheque issued for a future date ',1,'2025-07-02 09:05:27'),(142,36,'B) A cheque issued for the current date ',0,'2025-07-02 09:05:27'),(143,36,'C) A cheque that has expired',0,'2025-07-02 09:05:27'),(144,36,'D) None of the above',0,'2025-07-02 09:05:27'),(145,37,'A) Section 31 ',0,'2025-07-02 09:12:06'),(146,37,'B) Section 45 ',0,'2025-07-02 09:12:06'),(147,37,'C) Section 64 ',1,'2025-07-02 09:12:06'),(148,37,'D) Section 138 ',0,'2025-07-02 09:12:06'),(149,38,'A) A cheque rejected by the bank ',1,'2025-07-02 09:12:30'),(150,38,'B) A cheque paid late',0,'2025-07-02 09:12:30'),(151,38,'C) A cheque payable on demand ',0,'2025-07-02 09:12:30'),(152,38,'D) None of the above ',0,'2025-07-02 09:12:30'),(153,39,'A) Endorsed ',0,'2025-07-02 09:12:49'),(154,39,'B) Marked \"Not Negotiable\" ',1,'2025-07-02 09:12:49'),(155,39,'C) Crossed generally ',0,'2025-07-02 09:12:49'),(156,39,'D) None of the above ',0,'2025-07-02 09:12:49'),(157,40,'A) Assignment ',0,'2025-07-02 09:13:11'),(158,40,'B) Endorsement ',1,'2025-07-02 09:13:11'),(159,40,'C) Handover ',0,'2025-07-02 09:13:11'),(160,40,'D) None of the above',0,'2025-07-02 09:13:11'),(161,41,'A) Section 5 ',1,'2025-07-02 09:13:44'),(162,41,'B) Section 6',0,'2025-07-02 09:13:44'),(163,41,'C) Section 13',0,'2025-07-02 09:13:44'),(164,41,'D) Section 138 ',0,'2025-07-02 09:13:44'),(165,42,'A) A specific bank name written ',0,'2025-07-02 09:14:08'),(166,42,'B) Two parallel lines drawn ',1,'2025-07-02 09:14:08'),(167,42,'C) A stamp on it ',0,'2025-07-02 09:14:08'),(168,42,'D) None of the above ',0,'2025-07-02 09:14:08'),(169,43,'A) Drawer',0,'2025-07-02 09:14:35'),(170,43,'B) Payee ',0,'2025-07-02 09:14:35'),(171,43,'C) Holder ',0,'2025-07-02 09:14:35'),(172,43,'D) All of the above ',1,'2025-07-02 09:14:35'),(173,44,'A) Order Cheque ',0,'2025-07-02 09:14:55'),(174,44,'B) Bearer Cheque',1,'2025-07-02 09:14:55'),(175,44,'C) Crossed Cheque',0,'2025-07-02 09:14:55'),(176,44,'D) None of the above ',0,'2025-07-02 09:14:55'),(177,45,'A) 18 years ',1,'2025-07-02 09:15:21'),(178,45,'B) 16 years ',0,'2025-07-02 09:15:21'),(179,45,'C) 21 years',0,'2025-07-02 09:15:21'),(180,45,'D) 25 years',0,'2025-07-02 09:15:21'),(181,46,'A) Section 64 ',0,'2025-07-02 09:15:51'),(182,46,'B) Section 131 ',0,'2025-07-02 09:15:51'),(183,46,'C) Section 138 ',1,'2025-07-02 09:15:51'),(184,46,'D) Section 145 ',0,'2025-07-02 09:15:51'),(185,47,'A. Legitimate investment of funds ',0,'2025-07-02 09:19:41'),(186,47,'B. Concealment of illicit funds to make them appear legitimate ',1,'2025-07-02 09:19:41'),(187,47,'C. Opening fixed deposit accounts ',0,'2025-07-02 09:19:41'),(188,47,'D. Transferring money through mobile banking ',0,'2025-07-02 09:19:41'),(189,48,'A. AntiTerrorism Act ',0,'2025-07-02 09:20:02'),(190,48,'B. Banking Companies Act ',0,'2025-07-02 09:20:02'),(191,48,'C. Money Laundering Prevention Act, 2012 ',1,'2025-07-02 09:20:02'),(192,48,'D. Negotiable Instruments Act ',0,'2025-07-02 09:20:02'),(193,49,'A. Monitor general banking transactions',0,'2025-07-02 09:20:28'),(194,49,'B. Act as the central authority for AML supervision',1,'2025-07-02 09:20:28'),(195,49,'C. Provide loans for AML activities',0,'2025-07-02 09:20:28'),(196,49,'D. Approve highvalue cash transactions ',0,'2025-07-02 09:20:28'),(197,50,'A. 5 years imprisonment ',0,'2025-07-02 09:20:50'),(198,50,'B. 10 years imprisonment or a fine of BDT 10 lakh ',0,'2025-07-02 09:20:50'),(199,50,'C. 12 years imprisonment or a fine of BDT 20 lakh',0,'2025-07-02 09:20:50'),(200,50,'D. 14 years imprisonment or both',1,'2025-07-02 09:20:50'),(201,51,'A. Report of legitimate transactions ',0,'2025-07-02 09:21:18'),(202,51,'B. Report of doubtful or unusual transactions ',1,'2025-07-02 09:21:18'),(203,51,'C. Report of tax evasion ',0,'2025-07-02 09:21:18'),(204,51,'D. A report of overdrawn accounts ',0,'2025-07-02 09:21:18'),(205,52,'A. Police Headquarters ',0,'2025-07-02 09:21:39'),(206,52,'B. Bangladesh Financial Intelligence Unit (BFIU)',0,'2025-07-02 09:21:39'),(207,52,'C. Anti-Corruption Commission (ACC) ',1,'2025-07-02 09:21:39'),(208,52,'D. National Board of Revenue (NBR) ',0,'2025-07-02 09:21:39'),(209,53,'A. Keep Your Cash',0,'2025-07-02 09:21:58'),(210,53,'. Know Your Customer',1,'2025-07-02 09:21:58'),(211,53,'C. Key Yielding Certificates',0,'2025-07-02 09:21:58'),(212,53,'D. Knowledge of Customer Accounts ',0,'2025-07-02 09:21:58'),(213,54,'A. For small transactions',0,'2025-07-02 09:22:21'),(214,54,'B. For lowrisk customers ',0,'2025-07-02 09:22:21'),(215,54,'C. For politically exposed persons (PEPs)',1,'2025-07-02 09:22:21'),(216,54,'D. For all business accounts',0,'2025-07-02 09:22:21'),(217,55,'A. BDT 5 lakh ',0,'2025-07-02 09:22:42'),(218,55,'B. BDT 10 lakh ',1,'2025-07-02 09:22:42'),(219,55,'C. BDT 20 lakh',0,'2025-07-02 09:22:42'),(220,55,'D. BDT 50 lakh ',0,'2025-07-02 09:22:42'),(221,56,'A. Investing in government bonds ',0,'2025-07-02 09:23:05'),(222,56,'B. Using illicit funds to purchase real estate ',1,'2025-07-02 09:23:05'),(223,56,'C. Receiving salary in cash',0,'2025-07-02 09:23:05'),(224,56,'D. Transferring funds to a relative’s account ',0,'2025-07-02 09:23:05'),(225,57,'A. To enhance profits',0,'2025-07-02 09:23:28'),(226,57,'B. To identify and verify customer identities',1,'2025-07-02 09:23:28'),(227,57,'C. To process loans faster ',0,'2025-07-02 09:23:28'),(228,57,'D. To promote marketing campaigns',0,'2025-07-02 09:23:28'),(229,58,'A. Concealing illicit funds by mixing them with legal funds',0,'2025-07-02 09:23:51'),(230,58,'B. Disguising the origin of funds through complex transactions ',1,'2025-07-02 09:23:51'),(231,58,'C. Depositing cash in multiple bank accounts',0,'2025-07-02 09:23:51'),(232,58,'D. Withdrawing funds from an ATM',0,'2025-07-02 09:23:51'),(233,59,'A. Ministry of Finance ',0,'2025-07-02 09:24:12'),(234,59,'B. Securities and Exchange Commission',0,'2025-07-02 09:24:12'),(235,59,'C. Bangladesh Financial Intelligence Unit (BFIU) ',1,'2025-07-02 09:24:12'),(236,59,'D. Prime Minister’s Office ',0,'2025-07-02 09:24:12'),(237,60,'A. School teachers ',0,'2025-07-02 09:24:31'),(238,60,'B. Highranking government officials',1,'2025-07-02 09:24:31'),(239,60,'C. Local farmers',0,'2025-07-02 09:24:31'),(240,60,'D. Retired bankers',0,'2025-07-02 09:24:31'),(241,61,'A. To increase revenue',0,'2025-07-02 09:24:54'),(242,61,'B. To prevent illegal activities and protect the financial system',1,'2025-07-02 09:24:54'),(243,61,'C. To support higher credit limits for customers',0,'2025-07-02 09:24:54'),(244,61,'D. To minimize bank expenses ',0,'2025-07-02 09:24:54'),(245,62,'A. Birth certificate',0,'2025-07-02 09:25:18'),(246,62,'B. National ID or passport ',1,'2025-07-02 09:25:18'),(247,62,'C. School report card ',0,'2025-07-02 09:25:18'),(248,62,'D. Property deeds ',0,'2025-07-02 09:25:18'),(249,63,'A. A warning from Bangladesh Bank ',0,'2025-07-02 09:25:42'),(250,63,'B. Revocation of the bank\'s license ',0,'2025-07-02 09:25:42'),(251,63,'C. Fines and legal action against the bank ',1,'2025-07-02 09:25:42'),(252,63,'D. A ban on international transactions',0,'2025-07-02 09:25:42'),(253,64,'A. Retail sector',0,'2025-07-02 09:26:01'),(254,64,'B. Financial sector',1,'2025-07-02 09:26:01'),(255,64,'C. Manufacturing sector ',0,'2025-07-02 09:26:01'),(256,64,'D. Education sector ',0,'2025-07-02 09:26:01'),(257,65,'A. The person legally responsible for a business ',0,'2025-07-02 09:26:23'),(258,65,'B. The ultimate owner of funds or assets ',1,'2025-07-02 09:26:23'),(259,65,'C. The bank officer opening an account',0,'2025-07-02 09:26:23'),(260,65,'D. The branch manager of a bank ',0,'2025-07-02 09:26:23'),(261,66,'A. Once a year',1,'2025-07-02 09:26:44'),(262,66,'B. Every three months ',0,'2025-07-02 09:26:44'),(263,66,'C. As needed by the management',0,'2025-07-02 09:26:44'),(264,66,'D. Every two years',0,'2025-07-02 09:26:44'),(265,67,'A. Placement ',0,'2025-07-02 09:27:03'),(266,67,'B. Layering ',0,'2025-07-02 09:27:03'),(267,67,'C. Integration ',0,'2025-07-02 09:27:03'),(268,67,'D. Lending ',1,'2025-07-02 09:27:03'),(269,68,'A. Compliance Officer ',1,'2025-07-02 09:27:24'),(270,68,'B. Marketing Officer',0,'2025-07-02 09:27:24'),(271,68,'C. Cashier',0,'2025-07-02 09:27:24'),(272,68,'D. Customers',0,'2025-07-02 09:27:24'),(273,69,'A. No penalty ',0,'2025-07-02 09:27:46'),(274,69,'B. A fine of BDT 5,000 ',0,'2025-07-02 09:27:46'),(275,69,'C. Imprisonment or a fine ',1,'2025-07-02 09:27:46'),(276,69,'D. Only a warning ',0,'2025-07-02 09:27:46'),(277,70,'A. Cash Flow Tracking ',0,'2025-07-02 09:28:08'),(278,70,'B. Countering the Financing of Terrorism',1,'2025-07-02 09:28:08'),(279,70,'C. Central Finance Tracker',0,'2025-07-02 09:28:08'),(280,70,'D. Corporate Financial Transactions',0,'2025-07-02 09:28:08'),(281,71,'A. IMF ',0,'2025-07-02 09:28:31'),(282,71,'B. FATF (Financial Action Task Force) ',1,'2025-07-02 09:28:31'),(283,71,'C. World Bank',0,'2025-07-02 09:28:31'),(284,71,'D. G20',0,'2025-07-02 09:28:31'),(285,72,'A. 2 years',0,'2025-07-02 09:28:53'),(286,72,'B. 5 years',1,'2025-07-02 09:28:53'),(287,72,'C. 10 years',0,'2025-07-02 09:28:53'),(288,72,'D. No retention required',0,'2025-07-02 09:28:53'),(289,73,'A. Allowed in critical cases',0,'2025-07-02 09:29:13'),(290,73,'B. Strictly prohibited',1,'2025-07-02 09:29:13'),(291,73,'C. Permitted with permission from the BFIU ',0,'2025-07-02 09:29:13'),(292,73,'D. Optional based on judgment ',0,'2025-07-02 09:29:13'),(293,74,'A. Open the account anyway ',0,'2025-07-02 09:29:37'),(294,74,'B. Report the customer to the police ',0,'2025-07-02 09:29:37'),(295,74,'C. Decline the account opening',1,'2025-07-02 09:29:37'),(296,74,'D. Offer an alternative product ',0,'2025-07-02 09:29:37'),(297,75,'A. Lowvalue deposits',0,'2025-07-02 09:29:59'),(298,75,'B. Transactions in highrisk jurisdictions ',1,'2025-07-02 09:29:59'),(299,75,'C. Salary credits ',0,'2025-07-02 09:29:59'),(300,75,'D. Utility bill payments',0,'2025-07-02 09:29:59'),(301,76,'A. To promote customer satisfaction ',0,'2025-07-02 09:30:18'),(302,76,'B. To detect unusual or suspicious transactions',1,'2025-07-02 09:30:18'),(303,76,'C. To process loans faster ',0,'2025-07-02 09:30:18'),(304,76,'D. To improve customer service ',0,'2025-07-02 09:30:18'),(305,77,'a) Prevent money laundering',0,'2025-07-02 10:35:34'),(306,77,'b) Combat terrorism financing',1,'2025-07-02 10:35:34'),(307,77,'c) Regulate foreign investment ',0,'2025-07-02 10:35:34'),(308,77,'d) Monitor tax compliance ',0,'2025-07-02 10:35:34'),(309,78,'a) National Board of Revenue',0,'2025-07-02 10:35:55'),(310,78,'b) Bangladesh Financial Intelligence Unit (BFIU) ',1,'2025-07-02 10:35:55'),(311,78,'c) Anticorruption Commission ',0,'2025-07-02 10:35:55'),(312,78,'d) Central Bank of Bangladesh',0,'2025-07-02 10:35:55'),(313,79,'a) Fine only',0,'2025-07-02 10:36:19'),(314,79,'b) Imprisonment only',0,'2025-07-02 10:36:19'),(315,79,'c) Fine or imprisonment, or both',1,'2025-07-02 10:36:19'),(316,79,'d) None of the above ',0,'2025-07-02 10:36:19'),(317,80,'a) Only commercial banks',0,'2025-07-02 10:36:39'),(318,80,'b) Only microfinance institutions',0,'2025-07-02 10:36:39'),(319,80,'c) All financial institutions, including nonbanking ones ',1,'2025-07-02 10:36:39'),(320,80,'d) Only state-owned banks',0,'2025-07-02 10:36:39'),(321,81,'a) 2 years',0,'2025-07-02 10:37:01'),(322,81,'b) 5 years ',1,'2025-07-02 10:37:01'),(323,81,'c) 7 years',0,'2025-07-02 10:37:01'),(324,81,'d) 10 years ',0,'2025-07-02 10:37:01'),(325,82,'a) BDT 10,000 ',0,'2025-07-02 10:37:21'),(326,82,'b) BDT 50,000',0,'2025-07-02 10:37:21'),(327,82,'c) Any amount ',1,'2025-07-02 10:37:21'),(328,82,'d) BDT 100,000 ',0,'2025-07-02 10:37:21'),(329,83,'a) Internal Audit Team',0,'2025-07-02 10:37:48'),(330,83,'b) Compliance Officer',1,'2025-07-02 10:37:48'),(331,83,'c) Human Resources Manager',0,'2025-07-02 10:37:49'),(332,83,'d) Marketing Team',0,'2025-07-02 10:37:49'),(333,84,'a) United Nations',0,'2025-07-02 10:38:11'),(334,84,'b) FATF (Financial Action Task Force)',1,'2025-07-02 10:38:11'),(335,84,'c) World Bank ',0,'2025-07-02 10:38:11'),(336,84,'d) IMF ',0,'2025-07-02 10:38:11'),(337,85,'a) Stopping all transactions temporarily ',0,'2025-07-02 10:38:38'),(338,85,'b) Restricting access to accounts linked to terrorism ',1,'2025-07-02 10:38:38'),(339,85,'c) Suspending a bank’s operations',0,'2025-07-02 10:38:38'),(340,85,'d) Blocking all international payments',0,'2025-07-02 10:38:38'),(341,86,'a) Depositors only ',0,'2025-07-02 10:38:59'),(342,86,'b) Borrowers only',0,'2025-07-02 10:38:59'),(343,86,'c) All customers ',1,'2025-07-02 10:38:59'),(344,86,'d) Business account holders only',0,'2025-07-02 10:38:59'),(345,87,'a) Annually ',1,'2025-07-02 10:39:20'),(346,87,'b) Biannually',0,'2025-07-02 10:39:20'),(347,87,'c) Quarterly ',0,'2025-07-02 10:39:20'),(348,87,'d) As needed ',0,'2025-07-02 10:39:20'),(349,88,'a) Large cash deposits',0,'2025-07-02 10:39:42'),(350,88,'b) International wire transfers',0,'2025-07-02 10:39:42'),(351,88,'c) Frequent small transactions ',0,'2025-07-02 10:39:42'),(352,88,'d) All of the above ',1,'2025-07-02 10:39:42'),(353,89,'a) Identifying highvalue customers ',0,'2025-07-02 10:40:04'),(354,89,'b) Verifying customer identity to prevent misuse of accounts ',1,'2025-07-02 10:40:04'),(355,89,'c) Offering customized services to clients ',0,'2025-07-02 10:40:04'),(356,89,'d) None of the above ',0,'2025-07-02 10:40:04'),(357,90,'a) Suspension without pay',0,'2025-07-02 10:40:27'),(358,90,'b) Termination of employment ',0,'2025-07-02 10:40:27'),(359,90,'c) Legal action and penalties',1,'2025-07-02 10:40:27'),(360,90,'d) Verbal warning ',0,'2025-07-02 10:40:27'),(361,91,'a) Passportsize photo',0,'2025-07-02 10:40:49'),(362,91,'b) National ID or equivalent ',1,'2025-07-02 10:40:49'),(363,91,'c) Tax return certificate',0,'2025-07-02 10:40:49'),(364,91,'d) Employment letter',0,'2025-07-02 10:40:49'),(365,92,'a) Donations to certain organizations ',1,'2025-07-02 10:41:12'),(366,92,'b) Overseas remittances ',0,'2025-07-02 10:41:12'),(367,92,'c) Investment in foreign stock markets',0,'2025-07-02 10:41:12'),(368,92,'d) Loan disbursements',0,'2025-07-02 10:41:12'),(369,93,'a) To impose sanctions on countries ',0,'2025-07-02 10:41:36'),(370,93,'b) To set global standards for combating money laundering and terrorism financing ',1,'2025-07-02 10:41:36'),(371,93,'c) To manage international banking transactions ',0,'2025-07-02 10:41:36'),(372,93,'d) To provide loans to developing countries ',0,'2025-07-02 10:41:36'),(373,94,'a) Block the transaction immediately',0,'2025-07-02 10:42:05'),(374,94,'b) Report it to the BFIU without delay ',1,'2025-07-02 10:42:05'),(375,94,'c) Notify the customer',0,'2025-07-02 10:42:05'),(376,94,'d) Ignore it if the amount is small',0,'2025-07-02 10:42:05'),(377,95,'a) 2008',1,'2025-07-02 10:42:30'),(378,95,'b) 2012',0,'2025-07-02 10:42:30'),(379,95,'c) 2015 ',0,'2025-07-02 10:42:30'),(380,95,'d) 2018',0,'2025-07-02 10:42:30'),(381,96,'a) Loan defaults',0,'2025-07-02 10:42:52'),(382,96,'b) Corruption in banking ',0,'2025-07-02 10:42:52'),(383,96,'c) Financing terrorism and related activities ',1,'2025-07-02 10:42:52'),(384,96,'d) Currency smuggling ',0,'2025-07-02 10:42:52'),(385,97,'A) Bank of England',0,'2025-07-02 11:30:59'),(386,97,'B) Bank of Venice',1,'2025-07-02 11:30:59'),(387,97,'C) Bank of America',0,'2025-07-02 11:30:59'),(388,97,'D) Bank of Sweden',0,'2025-07-02 11:30:59'),(389,98,'A) 1694',1,'2025-07-02 11:31:26'),(390,98,'B) 1704',0,'2025-07-02 11:31:26'),(391,98,'C) 1674',0,'2025-07-02 11:31:26'),(392,98,'D) 1720',0,'2025-07-02 11:31:26'),(393,99,'A) Federal Reserve',0,'2025-07-02 11:31:58'),(394,99,'B) Bank of England',1,'2025-07-02 11:31:58'),(395,99,'C) Reserve Bank of India',0,'2025-07-02 11:31:58'),(396,99,'D) Bank of France',0,'2025-07-02 11:31:58'),(397,100,'A) Accept deposits from customers',0,'2025-07-02 11:32:34'),(398,100,'B) Issue currency and regulate monetary policy',1,'2025-07-02 11:32:34'),(399,100,'C) Provide loans to the public',0,'2025-07-02 11:32:34'),(400,100,'D) Operate commercial branches',0,'2025-07-02 11:32:34'),(401,101,'A) France',0,'2025-07-02 11:33:13'),(402,101,'B) England',0,'2025-07-02 11:33:13'),(403,101,'C) Sweden',1,'2025-07-02 11:33:13'),(404,101,'D) Germany',0,'2025-07-02 11:33:13'),(405,102,'A) 1755',0,'2025-07-02 11:33:48'),(406,102,'B) 1770',1,'2025-07-02 11:33:48'),(407,102,'C) 1806',0,'2025-07-02 11:33:48'),(408,102,'D) 1850',0,'2025-07-02 11:33:48'),(409,103,'A) Section 3',0,'2025-07-02 11:34:35'),(410,103,'B) Section 5(b)',1,'2025-07-02 11:34:35'),(411,103,'C) Section 6',0,'2025-07-02 11:34:35'),(412,103,'D) Section 10',0,'2025-07-02 11:34:35'),(413,104,'A) Society for Worldwide Interbank Financial Telecommunication',1,'2025-07-02 11:35:33'),(414,104,'B) Systematic Worldwide International Fund Transfer',0,'2025-07-02 11:35:33'),(415,104,'C) Secure Wireless International Financial Transaction',0,'2025-07-02 11:35:33'),(416,104,'D) Structured Worldwide Information Financial Technology',0,'2025-07-02 11:35:33'),(417,105,'A) Adam Smith',0,'2025-07-02 11:36:00'),(418,105,'B) Amadeo Giannini',0,'2025-07-02 11:36:00'),(419,105,'C) Alexander Hamilton',0,'2025-07-02 11:36:00'),(420,105,'D) Mayer Amschel Rothschild',1,'2025-07-02 11:36:00'),(421,106,'A) Barclays Bank',1,'2025-07-02 11:36:58'),(422,106,'B) Citibank',0,'2025-07-02 11:36:58'),(423,106,'C) Standard Chartered Bank',0,'2025-07-02 11:36:58'),(424,106,'D) HSBC',0,'2025-07-02 11:36:58'),(425,107,'A) Commercial Banks',0,'2025-07-02 11:37:28'),(426,107,'B) Central Bank',1,'2025-07-02 11:37:28'),(427,107,'C) Cooperative Banks',0,'2025-07-02 11:37:28'),(428,107,'D) Development Banks',0,'2025-07-02 11:37:28'),(429,108,'A) Establishing the World Bank and IMF',1,'2025-07-02 11:38:09'),(430,108,'B) Forming the United Nations',0,'2025-07-02 11:38:09'),(431,108,'C) Setting up the Federal Reserve',0,'2025-07-02 11:38:09'),(432,108,'D) Introducing global free trade agreements',0,'2025-07-02 11:38:09'),(433,109,'A) France',0,'2025-07-02 11:38:45'),(434,109,'B) England',0,'2025-07-02 11:38:45'),(435,109,'C) Italy',1,'2025-07-02 11:38:45'),(436,109,'D) Germany',0,'2025-07-02 11:38:45'),(437,110,'A) Bank of England',1,'2025-07-02 11:39:14'),(438,110,'B) Reserve Bank of India',0,'2025-07-02 11:39:14'),(439,110,'C) Bank of France',0,'2025-07-02 11:39:14'),(440,110,'D) Federal Reserve',0,'2025-07-02 11:39:14'),(441,111,'A) Provide loans to governments for development projects',1,'2025-07-02 11:39:55'),(442,111,'B) Regulate exchange rates globally',0,'2025-07-02 11:39:55'),(443,111,'C) Issue international currency',0,'2025-07-02 11:39:55'),(444,111,'D) Oversee global banking operations',0,'2025-07-02 11:39:55'),(445,112,'A) Global trade',0,'2025-07-02 11:40:28'),(446,112,'B) Banking regulations and risk management',1,'2025-07-02 11:40:28'),(447,112,'C) Development loans',0,'2025-07-02 11:40:28'),(448,112,'D) Microfinance operations',0,'2025-07-02 11:40:28'),(449,113,'A) Issuing currency',0,'2025-07-02 11:40:58'),(450,113,'B) Granting loans and accepting deposits',1,'2025-07-02 11:40:58'),(451,113,'C) Regulating monetary policy',0,'2025-07-02 11:40:58'),(452,113,'D) Funding government projects',0,'2025-07-02 11:40:58'),(453,114,'A) India',0,'2025-07-02 11:41:24'),(454,114,'B) England',1,'2025-07-02 11:41:24'),(455,114,'C) Italy',0,'2025-07-02 11:41:24'),(456,114,'D) France',0,'2025-07-02 11:41:24'),(457,115,'A) World Trade Organization and UN',0,'2025-07-02 11:42:05'),(458,115,'B) IMF and World Bank',1,'2025-07-02 11:42:05'),(459,115,'C) BIS and Federal Reserve',0,'2025-07-02 11:42:05'),(460,115,'D) NABARD and IDBI',0,'2025-07-02 11:42:05'),(461,116,'A) Amartya Sen',0,'2025-07-02 11:42:36'),(462,116,'B) Muhammad Yunus',1,'2025-07-02 11:42:36'),(463,116,'C) Robert Mundell',0,'2025-07-02 11:42:36'),(464,116,'D) John Maynard Keynes',0,'2025-07-02 11:42:36'),(465,117,'A) Wells Fargo',1,'2025-07-02 11:43:16'),(466,117,'B) Citibank',0,'2025-07-02 11:43:16'),(467,117,'C) Bank of America',0,'2025-07-02 11:43:16'),(468,117,'D) Chase Bank',0,'2025-07-02 11:43:16'),(469,118,'A) Provide specialized financial services only',0,'2025-07-02 11:44:09'),(470,118,'B) Offer a range of financial services under one roof',1,'2025-07-02 11:44:09'),(471,118,'C) Focus solely on agricultural loans',0,'2025-07-02 11:44:09'),(472,118,'D) Operate only in rural areas',0,'2025-07-02 11:44:09');
/*!40000 ALTER TABLE `question_options` ENABLE KEYS */;
UNLOCK TABLES;

--
-- Table structure for table `quiz_question`
--

DROP TABLE IF EXISTS `quiz_question`;
/*!40101 SET @saved_cs_client     = @@character_set_client */;
/*!50503 SET character_set_client = utf8mb4 */;
CREATE TABLE `quiz_question` (
  `question_id` int NOT NULL AUTO_INCREMENT,
  `exam_id` varchar(50) NOT NULL,
  `question_text` text NOT NULL,
  `question_type` varchar(50) NOT NULL DEFAULT 'MCQ',
  `order_num` int NOT NULL,
  `marks` decimal(5,2) NOT NULL DEFAULT '1.00',
  `created_at` timestamp NULL DEFAULT CURRENT_TIMESTAMP,
  PRIMARY KEY (`question_id`),
  KEY `exam_id` (`exam_id`),
  CONSTRAINT `quiz_question_ibfk_1` FOREIGN KEY (`exam_id`) REFERENCES `course` (`c_id`) ON DELETE CASCADE
) ENGINE=InnoDB AUTO_INCREMENT=119 DEFAULT CHARSET=utf8mb4 COLLATE=utf8mb4_0900_ai_ci;
/*!40101 SET character_set_client = @saved_cs_client */;

--
-- Dumping data for table `quiz_question`
--

LOCK TABLES `quiz_question` WRITE;
/*!40000 ALTER TABLE `quiz_question` DISABLE KEYS */;
INSERT INTO `quiz_question` VALUES (17,'EXM004','1. Which of the following is a negotiable instrument as per the Act? ','MCQ',1,1.00,'2025-07-02 08:46:11'),(18,'EXM004','2. What is the primary feature of a negotiable instrument? ','MCQ',2,1.00,'2025-07-02 08:47:07'),(19,'EXM004','3. Which section of the Negotiable Instruments Act defines a \\\"Cheque\\\"? ','MCQ',3,1.00,'2025-07-02 08:49:53'),(20,'EXM004','4. What is the maximum validity of a cheque in Bangladesh? ','MCQ',4,1.00,'2025-07-02 08:50:19'),(21,'EXM004','5. Which party makes the payment in a negotiable instrument? ','MCQ',5,1.00,'2025-07-02 08:50:54'),(22,'EXM004','6. What is a \\\"Promissory Note\\\" as per the Act?','MCQ',6,1.00,'2025-07-02 08:51:37'),(23,'EXM004','7. What is the punishment for dishonoring a cheque under Section 138 of the Negotiable Instruments Act? ','MCQ',7,1.00,'2025-07-02 08:59:40'),(24,'EXM004','8. What is \\\"endorsement\\\" in a negotiable instrument? ','MCQ',8,1.00,'2025-07-02 09:00:10'),(25,'EXM004','9. Who is the \\\"Payee\\\" in a cheque?','MCQ',9,1.00,'2025-07-02 09:00:35'),(26,'EXM004','10. A negotiable instrument must be:\\r\\n','MCQ',10,1.00,'2025-07-02 09:00:59'),(27,'EXM004','11. What does \\\"Holder in due course\\\" mean? ','MCQ',11,1.00,'2025-07-02 09:01:27'),(28,'EXM004','12. In case of a dishonored cheque, how many days does the drawer have to make the payment after receiving a\\r\\nlegal notice? ','MCQ',12,1.00,'2025-07-02 09:01:51'),(29,'EXM004','13. Which section of the Act deals with \\\"Negotiation\\\"? ','MCQ',13,1.00,'2025-07-02 09:02:18'),(30,'EXM004','14. Which instrument is payable \\\"to the order\\\" or \\\"to the bearer\\\"? ','MCQ',14,1.00,'2025-07-02 09:02:45'),(31,'EXM004','15. Which party is primarily liable in a promissory note? ','MCQ',15,1.00,'2025-07-02 09:03:12'),(32,'EXM004','16. A cheque crossed as \\\"Account Payee\\\" is: ','MCQ',16,1.00,'2025-07-02 09:03:39'),(33,'EXM004','17. What is the meaning of \\\"Negotiability\\\"?','MCQ',17,1.00,'2025-07-02 09:04:03'),(34,'EXM004','18. When is a cheque said to be \\\"Stale\\\"? ','MCQ',18,1.00,'2025-07-02 09:04:28'),(35,'EXM004','19. What is a \\\"Bearer Cheque\\\"?','MCQ',19,1.00,'2025-07-02 09:04:53'),(36,'EXM004','20. What is a \\\"PostDated Cheque\\\"? ','MCQ',20,1.00,'2025-07-02 09:05:27'),(37,'EXM004','21. Which section deals with \\\"Presentment for Payment\\\"?','MCQ',21,1.00,'2025-07-02 09:12:06'),(38,'EXM004','22. What is a \\\"Dishonored Cheque\\\"? ','MCQ',22,1.00,'2025-07-02 09:12:30'),(39,'EXM004','23. A cheque becomes \\\"NonNegotiable\\\" when it is: ','MCQ',23,1.00,'2025-07-02 09:12:49'),(40,'EXM004','24. What is the term for transferring ownership of a negotiable instrument? ','MCQ',24,1.00,'2025-07-02 09:13:11'),(41,'EXM004','25. Which section defines \\\"Bill of Exchange\\\"? ','MCQ',25,1.00,'2025-07-02 09:13:44'),(42,'EXM004','26. A cheque is considered \\\"Crossed\\\" when it has:','MCQ',26,1.00,'2025-07-02 09:14:08'),(43,'EXM004','27. Who can cross a cheque? ','MCQ',27,1.00,'2025-07-02 09:14:35'),(44,'EXM004','28. A cheque payable to \\\"Cash\\\" is known as: ','MCQ',28,1.00,'2025-07-02 09:14:55'),(45,'EXM004','29. What is the legal age to draw a cheque?','MCQ',29,1.00,'2025-07-02 09:15:21'),(46,'EXM004','30. Which section of the Act deals with penalties for dishonored cheques? ','MCQ',30,1.00,'2025-07-02 09:15:51'),(47,'EXM005','1. What is money laundering? ','MCQ',1,1.00,'2025-07-02 09:19:41'),(48,'EXM005','2. Which law governs money laundering prevention in Bangladesh? ','MCQ',2,1.00,'2025-07-02 09:20:02'),(49,'EXM005','3. What is the role of Bangladesh Bank in AML activities? ','MCQ',3,1.00,'2025-07-02 09:20:28'),(50,'EXM005','4. What is the maximum punishment for money laundering under the MLPO in Bangladesh?','MCQ',4,1.00,'2025-07-02 09:20:50'),(51,'EXM005','5. What is a Suspicious Transaction Report (STR)?','MCQ',5,1.00,'2025-07-02 09:21:18'),(52,'EXM005','6. Which agency is responsible for investigating money laundering cases in Bangladesh?','MCQ',6,1.00,'2025-07-02 09:21:39'),(53,'EXM005','7. What is KYC in banking? ','MCQ',7,1.00,'2025-07-02 09:21:58'),(54,'EXM005','8. When should a bank conduct enhanced due diligence (EDD)? ','MCQ',8,1.00,'2025-07-02 09:22:21'),(55,'EXM005','9. What is the threshold amount for reporting cash transactions under the MLPO?','MCQ',9,1.00,'2025-07-02 09:22:42'),(56,'EXM005','10. Which of the following is an example of money laundering?','MCQ',10,1.00,'2025-07-02 09:23:05'),(57,'EXM005','11. What is the purpose of Customer Due Diligence (CDD)?','MCQ',11,1.00,'2025-07-02 09:23:28'),(58,'EXM005','12. What is layering in money laundering? ','MCQ',12,1.00,'2025-07-02 09:23:51'),(59,'EXM005','13. Which institution issues AML guidelines to banks in Bangladesh? ','MCQ',13,1.00,'2025-07-02 09:24:12'),(60,'EXM005','14. Who is considered a Politically Exposed Person (PEP)? ','MCQ',14,1.00,'2025-07-02 09:24:31'),(61,'EXM005','15. What is the main objective of AML policies in banks? ','MCQ',15,1.00,'2025-07-02 09:24:54'),(62,'EXM005','16. Which document is essential for opening a bank account under KYC norms?','MCQ',16,1.00,'2025-07-02 09:25:18'),(63,'EXM005','17. What is the penalty for a bank failing to report suspicious transactions? ','MCQ',17,1.00,'2025-07-02 09:25:42'),(64,'EXM005','18. Which sector is most vulnerable to money laundering?','MCQ',18,1.00,'2025-07-02 09:26:01'),(65,'EXM005','19. What does the term “beneficial owner” mean?','MCQ',19,1.00,'2025-07-02 09:26:23'),(66,'EXM005','20. How often should AML training be conducted in banks? ','MCQ',20,1.00,'2025-07-02 09:26:44'),(67,'EXM005','21. Which of these is NOT a stage of money laundering?','MCQ',21,1.00,'2025-07-02 09:27:03'),(68,'EXM005','22. Who is responsible for implementing AML measures in a bank?','MCQ',22,1.00,'2025-07-02 09:27:24'),(69,'EXM005','23. What is the punishment for obstructing an AML investigation in Bangladesh? ','MCQ',23,1.00,'2025-07-02 09:27:46'),(70,'EXM005','24. What does CFT stand for? ','MCQ',24,1.00,'2025-07-02 09:28:08'),(71,'EXM005','25. Which organization evaluates the AML/CFT effectiveness of countries?','MCQ',25,1.00,'2025-07-02 09:28:31'),(72,'EXM005','26. What is the retention period for STR records? ','MCQ',26,1.00,'2025-07-02 09:28:53'),(73,'EXM005','27. What is the legal status of tipping off under the MLPO? ','MCQ',27,1.00,'2025-07-02 09:29:13'),(74,'EXM005','28. What should a bank do if a customer refuses to provide KYC information? ','MCQ',28,1.00,'2025-07-02 09:29:37'),(75,'EXM005','29. Which financial transactions require special monitoring?','MCQ',29,1.00,'2025-07-02 09:29:59'),(76,'EXM005','30. What is the purpose of transaction monitoring? ','MCQ',30,1.00,'2025-07-02 09:30:18'),(77,'EXM006','1. What is the primary objective of the Antiterrorism Ordinance in Bangladesh?\\r\\n','MCQ',1,1.00,'2025-07-02 10:35:34'),(78,'EXM006','2. Under the Antiterrorism Ordinance, banks are required to report suspicious transactions to which authority? ','MCQ',2,1.00,'2025-07-02 10:35:55'),(79,'EXM006','3. What is the penalty for failing to report suspicious transactions under the AntiTerrorism Ordinance?','MCQ',3,1.00,'2025-07-02 10:36:19'),(80,'EXM006','4. Which financial institutions are covered under the Anti-Terrorism Ordinance?','MCQ',4,1.00,'2025-07-02 10:36:39'),(81,'EXM006','5. How long must banks retain records of transactions as per the Ordinance?','MCQ',5,1.00,'2025-07-02 10:37:01'),(82,'EXM006','6. What is the minimum amount of a transaction that must be reported as suspicious if it is linked to terrorism\\r\\nfinancing? ','MCQ',6,1.00,'2025-07-02 10:37:21'),(83,'EXM006','7. Who is responsible for monitoring compliance with the Antiterrorism Ordinance in banks?','MCQ',7,1.00,'2025-07-02 10:37:48'),(84,'EXM006','8. The AntiTerrorism Ordinance in Bangladesh aligns with recommendations from which international\\r\\norganization? ','MCQ',8,1.00,'2025-07-02 10:38:11'),(85,'EXM006','9. What is a \\\"freeze order\\\" under the AntiTerrorism Ordinance? ','MCQ',9,1.00,'2025-07-02 10:38:38'),(86,'EXM006','10. Banks must verify the identity of which of the following? ','MCQ',10,1.00,'2025-07-02 10:38:59'),(87,'EXM006','11. How often should banks conduct training on the AntiTerrorism Ordinance? ','MCQ',11,1.00,'2025-07-02 10:39:20'),(88,'EXM006','12. Which type of transaction is most closely monitored for terrorism financing?','MCQ',12,1.00,'2025-07-02 10:39:42'),(89,'EXM006','13. What is \\\"Know Your Customer\\\" (KYC) in the context of the AntiTerrorism Ordinance? ','MCQ',13,1.00,'2025-07-02 10:40:04'),(90,'EXM006','14. What happens if a bank employee willfully ignores terrorism financing activities? ','MCQ',14,1.00,'2025-07-02 10:40:27'),(91,'EXM006','15. Which document is essential for account opening as per the Ordinance?','MCQ',15,1.00,'2025-07-02 10:40:49'),(92,'EXM006','16. The Ordinance prohibits which of the following? ','MCQ',16,1.00,'2025-07-02 10:41:12'),(93,'EXM006','17. What is the role of the Financial Action Task Force (FATF)?','MCQ',17,1.00,'2025-07-02 10:41:36'),(94,'EXM006','18. What action must banks take upon identifying a suspicious transaction? ','MCQ',18,1.00,'2025-07-02 10:42:05'),(95,'EXM006','19. The AntiTerrorism Ordinance was enacted in which year? ','MCQ',19,1.00,'2025-07-02 10:42:30'),(96,'EXM006','20. The penalties under the Ordinance aim to deter which activities?','MCQ',20,1.00,'2025-07-02 10:42:52'),(97,'EXM007','1. Which was the first bank established in the world?','MCQ',1,1.00,'2025-07-02 11:30:59'),(98,'EXM007','2. In which year was the Bank of England established?','MCQ',2,1.00,'2025-07-02 11:31:26'),(99,'EXM007','3. The concept of \\\"central banking\\\" was first introduced by which bank?','MCQ',3,1.00,'2025-07-02 11:31:58'),(100,'EXM007','4. What is the main function of a central bank?','MCQ',4,1.00,'2025-07-02 11:32:34'),(101,'EXM007','5. Which country established the first modern central bank?','MCQ',5,1.00,'2025-07-02 11:33:13'),(102,'EXM007','6. When was the Bank of Hindustan established?','MCQ',6,1.00,'2025-07-02 11:33:48'),(103,'EXM007','7. The term \\\"banking\\\" is defined in which section of the Banking Regulation Act, 1949?','MCQ',7,1.00,'2025-07-02 11:34:35'),(104,'EXM007','8. What is the full form of SWIFT in banking?','MCQ',8,1.00,'2025-07-02 11:35:33'),(105,'EXM007','9. Who is considered the father of modern banking?','MCQ',9,1.00,'2025-07-02 11:36:00'),(106,'EXM007','10. Which bank introduced the concept of ATM?','MCQ',10,1.00,'2025-07-02 11:36:58'),(107,'EXM007','11. Which organization is referred to as the \\\"lender of last resort\\\"?','MCQ',11,1.00,'2025-07-02 11:37:28'),(108,'EXM007','12. What was the main objective of the Bretton Woods Conference in 1944?','MCQ',12,1.00,'2025-07-02 11:38:09'),(109,'EXM007','13. The term \\\"merchant banking\\\" originated in which country?','MCQ',13,1.00,'2025-07-02 11:38:45'),(110,'EXM007','14. Which bank is known as the \\\"Mother of Central Banks\\\"?','MCQ',14,1.00,'2025-07-02 11:39:14'),(111,'EXM007','15. What is the main function of the World Bank?','MCQ',15,1.00,'2025-07-02 11:39:55'),(112,'EXM007','16. What does the Basel Committee on Banking Supervision focus on?','MCQ',16,1.00,'2025-07-02 11:40:28'),(113,'EXM007','17. What is the primary function of commercial banks?','MCQ',17,1.00,'2025-07-02 11:40:58'),(114,'EXM007','18. The term \\\"cheque\\\" was first used in which country?','MCQ',18,1.00,'2025-07-02 11:41:24'),(115,'EXM007','19. The Bretton Woods system led to the creation of which two institutions?','MCQ',19,1.00,'2025-07-02 11:42:05'),(116,'EXM007','20. Who introduced the concept of microfinance?','MCQ',20,1.00,'2025-07-02 11:42:36'),(117,'EXM007','21. Which bank pioneered online banking in the 1980s?','MCQ',21,1.00,'2025-07-02 11:43:16'),(118,'EXM007','22. What is the purpose of a \\\"universal bank\\\"?','MCQ',22,1.00,'2025-07-02 11:44:09');
/*!40000 ALTER TABLE `quiz_question` ENABLE KEYS */;
UNLOCK TABLES;

--
-- Table structure for table `student_answers`
--

DROP TABLE IF EXISTS `student_answers`;
/*!40101 SET @saved_cs_client     = @@character_set_client */;
/*!50503 SET character_set_client = utf8mb4 */;
CREATE TABLE `student_answers` (
  `answer_id` int NOT NULL AUTO_INCREMENT,
  `attempt_id` int NOT NULL,
  `question_id` int NOT NULL,
  `student_response` text,
  `is_correct_submission` tinyint(1) DEFAULT NULL,
  `answered_at` timestamp NULL DEFAULT CURRENT_TIMESTAMP ON UPDATE CURRENT_TIMESTAMP,
  PRIMARY KEY (`answer_id`),
  UNIQUE KEY `attempt_id` (`attempt_id`,`question_id`),
  KEY `question_id` (`question_id`),
  CONSTRAINT `student_answers_ibfk_1` FOREIGN KEY (`attempt_id`) REFERENCES `exam_attempts` (`attempt_id`) ON DELETE CASCADE,
  CONSTRAINT `student_answers_ibfk_2` FOREIGN KEY (`question_id`) REFERENCES `quiz_question` (`question_id`) ON DELETE CASCADE
) ENGINE=InnoDB AUTO_INCREMENT=537 DEFAULT CHARSET=utf8mb4 COLLATE=utf8mb4_0900_ai_ci;
/*!40101 SET character_set_client = @saved_cs_client */;

--
-- Dumping data for table `student_answers`
--

LOCK TABLES `student_answers` WRITE;
/*!40000 ALTER TABLE `student_answers` DISABLE KEYS */;
INSERT INTO `student_answers` VALUES (57,11,17,'68',1,'2025-07-02 10:19:00'),(58,11,18,'69',1,'2025-07-02 10:19:00'),(59,11,19,'74',1,'2025-07-02 10:19:00'),(60,11,20,'78',0,'2025-07-02 10:19:00'),(61,11,21,'83',1,'2025-07-02 10:19:00'),(62,11,22,'86',1,'2025-07-02 10:19:00'),(63,11,23,'91',1,'2025-07-02 10:19:00'),(64,11,24,'93',1,'2025-07-02 10:19:00'),(65,11,25,'99',0,'2025-07-02 10:19:00'),(66,11,26,'102',1,'2025-07-02 10:19:00'),(67,11,27,'108',0,'2025-07-02 10:19:00'),(68,11,28,'110',1,'2025-07-02 10:19:00'),(69,11,29,'114',0,'2025-07-02 10:19:00'),(70,11,30,'118',1,'2025-07-02 10:19:00'),(71,11,31,'121',0,'2025-07-02 10:19:00'),(72,11,32,'126',1,'2025-07-02 10:19:00'),(73,11,33,'129',1,'2025-07-02 10:19:00'),(74,11,34,'135',0,'2025-07-02 10:19:00'),(75,11,35,'138',1,'2025-07-02 10:19:00'),(76,11,36,'143',0,'2025-07-02 10:19:00'),(77,11,37,'146',0,'2025-07-02 10:19:00'),(78,11,38,'149',1,'2025-07-02 10:19:00'),(79,11,39,'156',0,'2025-07-02 10:19:00'),(80,11,40,'158',1,'2025-07-02 10:19:00'),(81,11,41,'161',1,'2025-07-02 10:19:00'),(82,11,42,'166',1,'2025-07-02 10:19:00'),(83,11,43,'172',1,'2025-07-02 10:19:00'),(84,11,44,'173',0,'2025-07-02 10:19:00'),(85,11,45,'177',1,'2025-07-02 10:19:00'),(86,11,46,'183',1,'2025-07-02 10:19:00'),(87,12,17,'68',1,'2025-07-02 10:19:43'),(88,12,18,'69',1,'2025-07-02 10:19:43'),(89,12,19,'74',1,'2025-07-02 10:19:43'),(90,12,20,'78',0,'2025-07-02 10:19:43'),(91,12,21,'82',0,'2025-07-02 10:19:43'),(92,12,22,'86',1,'2025-07-02 10:19:43'),(93,12,23,'91',1,'2025-07-02 10:19:43'),(94,12,24,'93',1,'2025-07-02 10:19:43'),(95,12,25,'99',0,'2025-07-02 10:19:43'),(96,12,26,'102',1,'2025-07-02 10:19:43'),(97,12,27,'105',0,'2025-07-02 10:19:43'),(98,12,28,'110',1,'2025-07-02 10:19:43'),(99,12,29,'114',0,'2025-07-02 10:19:43'),(100,12,30,'118',1,'2025-07-02 10:19:43'),(101,12,31,'122',1,'2025-07-02 10:19:43'),(102,12,32,'126',1,'2025-07-02 10:19:43'),(103,12,33,'129',1,'2025-07-02 10:19:43'),(104,12,34,'135',0,'2025-07-02 10:19:43'),(105,12,35,'138',1,'2025-07-02 10:19:43'),(106,12,36,'141',1,'2025-07-02 10:19:43'),(107,12,37,'148',0,'2025-07-02 10:19:43'),(108,12,38,'149',1,'2025-07-02 10:19:43'),(109,12,39,'154',1,'2025-07-02 10:19:43'),(110,12,40,'158',1,'2025-07-02 10:19:43'),(111,12,41,'161',1,'2025-07-02 10:19:43'),(112,12,42,'166',1,'2025-07-02 10:19:43'),(113,12,43,'172',1,'2025-07-02 10:19:43'),(114,12,44,'174',1,'2025-07-02 10:19:43'),(115,12,45,'177',1,'2025-07-02 10:19:43'),(116,9,17,'68',1,'2025-07-02 10:19:45'),(117,13,47,'185',0,'2025-07-02 10:30:03'),(118,13,48,'191',1,'2025-07-02 10:30:03'),(119,13,49,'194',1,'2025-07-02 10:30:03'),(120,13,50,'199',0,'2025-07-02 10:30:03'),(121,13,51,'202',1,'2025-07-02 10:30:03'),(122,13,52,'206',0,'2025-07-02 10:30:03'),(123,13,53,'210',1,'2025-07-02 10:30:03'),(124,13,54,'215',1,'2025-07-02 10:30:03'),(125,13,55,'218',1,'2025-07-02 10:30:03'),(126,13,56,'222',1,'2025-07-02 10:30:03'),(127,13,57,'226',1,'2025-07-02 10:30:03'),(128,13,58,'231',0,'2025-07-02 10:30:03'),(129,13,59,'235',1,'2025-07-02 10:30:03'),(130,13,60,'238',1,'2025-07-02 10:30:03'),(131,13,61,'242',1,'2025-07-02 10:30:03'),(132,13,62,'246',1,'2025-07-02 10:30:03'),(133,13,63,'249',0,'2025-07-02 10:30:03'),(134,13,64,'254',1,'2025-07-02 10:30:03'),(135,13,65,'258',1,'2025-07-02 10:30:03'),(136,13,66,'262',0,'2025-07-02 10:30:03'),(137,13,67,'268',1,'2025-07-02 10:30:03'),(138,13,68,'269',1,'2025-07-02 10:30:03'),(139,13,69,'275',1,'2025-07-02 10:30:03'),(140,13,70,'278',1,'2025-07-02 10:30:03'),(141,13,71,'282',1,'2025-07-02 10:30:03'),(142,13,72,'287',0,'2025-07-02 10:30:03'),(143,13,73,'291',0,'2025-07-02 10:30:03'),(144,13,74,'295',1,'2025-07-02 10:30:03'),(145,13,75,'298',1,'2025-07-02 10:30:03'),(146,14,17,'68',1,'2025-07-02 10:34:23'),(147,14,18,'69',1,'2025-07-02 10:34:23'),(148,14,19,'74',1,'2025-07-02 10:34:23'),(149,14,20,'78',0,'2025-07-02 10:34:23'),(150,14,21,'83',1,'2025-07-02 10:34:23'),(151,14,22,'86',1,'2025-07-02 10:34:23'),(152,14,23,'90',0,'2025-07-02 10:34:23'),(153,14,24,'93',1,'2025-07-02 10:34:23'),(154,14,25,'98',1,'2025-07-02 10:34:23'),(155,14,26,'102',1,'2025-07-02 10:34:23'),(156,14,27,'106',1,'2025-07-02 10:34:23'),(157,14,28,'112',0,'2025-07-02 10:34:23'),(158,14,29,'113',0,'2025-07-02 10:34:23'),(159,14,30,'120',0,'2025-07-02 10:34:23'),(160,14,31,'121',0,'2025-07-02 10:34:23'),(161,14,32,'126',1,'2025-07-02 10:34:23'),(162,14,33,'129',1,'2025-07-02 10:34:23'),(163,14,34,'135',0,'2025-07-02 10:34:23'),(164,14,35,'138',1,'2025-07-02 10:34:23'),(165,14,36,'141',1,'2025-07-02 10:34:23'),(166,14,37,'145',0,'2025-07-02 10:34:23'),(167,14,38,'149',1,'2025-07-02 10:34:23'),(168,14,39,'154',1,'2025-07-02 10:34:23'),(169,14,40,'157',0,'2025-07-02 10:34:23'),(170,14,41,'161',1,'2025-07-02 10:34:23'),(171,14,42,'166',1,'2025-07-02 10:34:23'),(172,14,43,'169',0,'2025-07-02 10:34:23'),(173,14,44,'173',0,'2025-07-02 10:34:23'),(174,14,45,'177',1,'2025-07-02 10:34:23'),(175,15,47,'186',1,'2025-07-02 10:35:36'),(176,15,48,'191',1,'2025-07-02 10:35:36'),(177,15,49,'194',1,'2025-07-02 10:35:36'),(178,15,50,'200',1,'2025-07-02 10:35:36'),(179,15,51,'202',1,'2025-07-02 10:35:36'),(180,15,52,'206',0,'2025-07-02 10:35:36'),(181,15,53,'210',1,'2025-07-02 10:35:36'),(182,15,54,'215',1,'2025-07-02 10:35:36'),(183,15,55,'220',0,'2025-07-02 10:35:36'),(184,15,56,'222',1,'2025-07-02 10:35:36'),(185,15,57,'226',1,'2025-07-02 10:35:36'),(186,15,58,'229',0,'2025-07-02 10:35:36'),(187,15,59,'235',1,'2025-07-02 10:35:36'),(188,15,60,'238',1,'2025-07-02 10:35:36'),(189,15,61,'242',1,'2025-07-02 10:35:36'),(190,15,62,'246',1,'2025-07-02 10:35:36'),(191,15,63,'251',1,'2025-07-02 10:35:36'),(192,15,64,'254',1,'2025-07-02 10:35:36'),(193,15,65,'258',1,'2025-07-02 10:35:36'),(194,15,66,'261',1,'2025-07-02 10:35:36'),(195,15,67,'268',1,'2025-07-02 10:35:36'),(196,15,68,'269',1,'2025-07-02 10:35:36'),(197,15,69,'275',1,'2025-07-02 10:35:36'),(198,15,70,'278',1,'2025-07-02 10:35:36'),(199,15,71,'282',1,'2025-07-02 10:35:36'),(200,15,72,'286',1,'2025-07-02 10:35:36'),(201,15,73,'291',0,'2025-07-02 10:35:36'),(202,15,74,'295',1,'2025-07-02 10:35:36'),(203,15,75,'298',1,'2025-07-02 10:35:36'),(204,18,47,'186',1,'2025-07-02 10:43:38'),(205,18,48,'191',1,'2025-07-02 10:43:38'),(206,18,49,'194',1,'2025-07-02 10:43:38'),(207,18,50,'198',0,'2025-07-02 10:43:38'),(208,18,51,'202',1,'2025-07-02 10:43:38'),(209,18,52,'206',0,'2025-07-02 10:43:38'),(210,18,53,'210',1,'2025-07-02 10:43:38'),(211,18,54,'215',1,'2025-07-02 10:43:38'),(212,18,55,'218',1,'2025-07-02 10:43:38'),(213,18,56,'222',1,'2025-07-02 10:43:38'),(214,18,57,'226',1,'2025-07-02 10:43:38'),(215,18,58,'229',0,'2025-07-02 10:43:38'),(216,18,59,'235',1,'2025-07-02 10:43:38'),(217,18,60,'238',1,'2025-07-02 10:43:38'),(218,18,61,'242',1,'2025-07-02 10:43:38'),(219,18,62,'246',1,'2025-07-02 10:43:38'),(220,18,63,'251',1,'2025-07-02 10:43:38'),(221,18,64,'254',1,'2025-07-02 10:43:38'),(222,18,65,'258',1,'2025-07-02 10:43:38'),(223,18,66,'262',0,'2025-07-02 10:43:38'),(224,18,67,'268',1,'2025-07-02 10:43:38'),(225,18,68,'269',1,'2025-07-02 10:43:38'),(226,18,69,'275',1,'2025-07-02 10:43:38'),(227,18,70,'280',0,'2025-07-02 10:43:38'),(228,18,71,'282',1,'2025-07-02 10:43:38'),(229,18,72,'288',0,'2025-07-02 10:43:38'),(230,18,73,'292',0,'2025-07-02 10:43:38'),(231,18,74,'295',1,'2025-07-02 10:43:38'),(232,18,75,'298',1,'2025-07-02 10:43:38'),(233,17,17,'68',1,'2025-07-02 10:45:35'),(234,17,18,'69',1,'2025-07-02 10:45:35'),(235,17,19,'74',1,'2025-07-02 10:45:35'),(236,17,20,'78',0,'2025-07-02 10:45:35'),(237,17,21,'81',0,'2025-07-02 10:45:35'),(238,17,22,'86',1,'2025-07-02 10:45:35'),(239,17,23,'91',1,'2025-07-02 10:45:35'),(240,17,24,'93',1,'2025-07-02 10:45:35'),(241,17,25,'98',1,'2025-07-02 10:45:35'),(242,17,26,'102',1,'2025-07-02 10:45:35'),(243,17,27,'106',1,'2025-07-02 10:45:35'),(244,17,28,'111',0,'2025-07-02 10:45:35'),(245,17,29,'115',1,'2025-07-02 10:45:35'),(246,17,30,'118',1,'2025-07-02 10:45:35'),(247,17,31,'122',1,'2025-07-02 10:45:35'),(248,17,32,'126',1,'2025-07-02 10:45:35'),(249,17,33,'129',1,'2025-07-02 10:45:35'),(250,17,34,'134',1,'2025-07-02 10:45:35'),(251,17,35,'138',1,'2025-07-02 10:45:35'),(252,17,36,'141',1,'2025-07-02 10:45:35'),(253,17,37,'145',0,'2025-07-02 10:45:35'),(254,17,38,'149',1,'2025-07-02 10:45:35'),(255,17,39,'154',1,'2025-07-02 10:45:35'),(256,17,40,'158',1,'2025-07-02 10:45:35'),(257,17,41,'161',1,'2025-07-02 10:45:35'),(258,17,42,'166',1,'2025-07-02 10:45:35'),(259,17,43,'172',1,'2025-07-02 10:45:35'),(260,17,44,'174',1,'2025-07-02 10:45:35'),(261,17,45,'177',1,'2025-07-02 10:45:35'),(262,19,77,'305',0,'2025-07-02 10:47:11'),(263,19,78,'310',1,'2025-07-02 10:47:11'),(264,19,79,'315',1,'2025-07-02 10:47:11'),(265,19,80,'319',1,'2025-07-02 10:47:11'),(266,19,81,'322',1,'2025-07-02 10:47:11'),(267,19,82,'327',1,'2025-07-02 10:47:11'),(268,19,83,'330',1,'2025-07-02 10:47:11'),(269,19,84,'334',1,'2025-07-02 10:47:11'),(270,19,85,'338',1,'2025-07-02 10:47:11'),(271,19,86,'343',1,'2025-07-02 10:47:11'),(272,19,87,'345',1,'2025-07-02 10:47:11'),(273,19,88,'349',0,'2025-07-02 10:47:11'),(274,19,89,'354',1,'2025-07-02 10:47:11'),(275,19,90,'359',1,'2025-07-02 10:47:11'),(276,19,91,'362',1,'2025-07-02 10:47:11'),(277,19,92,'367',0,'2025-07-02 10:47:11'),(278,19,93,'369',0,'2025-07-02 10:47:11'),(279,19,94,'373',0,'2025-07-02 10:47:11'),(280,19,95,'378',0,'2025-07-02 10:47:11'),(281,20,77,'306',1,'2025-07-02 10:47:33'),(282,20,78,'310',1,'2025-07-02 10:47:33'),(283,20,79,'315',1,'2025-07-02 10:47:33'),(284,20,80,'319',1,'2025-07-02 10:47:33'),(285,20,81,'324',0,'2025-07-02 10:47:33'),(286,20,82,'327',1,'2025-07-02 10:47:33'),(287,20,83,'330',1,'2025-07-02 10:47:33'),(288,20,84,'334',1,'2025-07-02 10:47:33'),(289,20,85,'337',0,'2025-07-02 10:47:33'),(290,20,86,'343',1,'2025-07-02 10:47:33'),(291,20,87,'345',1,'2025-07-02 10:47:33'),(292,20,88,'352',1,'2025-07-02 10:47:33'),(293,20,89,'354',1,'2025-07-02 10:47:33'),(294,20,90,'359',1,'2025-07-02 10:47:33'),(295,20,91,'362',1,'2025-07-02 10:47:33'),(296,20,92,'365',1,'2025-07-02 10:47:33'),(297,20,93,'370',1,'2025-07-02 10:47:33'),(298,20,94,'374',1,'2025-07-02 10:47:33'),(299,20,95,'378',0,'2025-07-02 10:47:33'),(300,20,96,'383',1,'2025-07-02 10:47:33'),(301,21,77,'306',1,'2025-07-02 10:51:43'),(302,21,78,'310',1,'2025-07-02 10:51:43'),(303,21,79,'315',1,'2025-07-02 10:51:43'),(304,21,80,'319',1,'2025-07-02 10:51:43'),(305,21,81,'322',1,'2025-07-02 10:51:43'),(306,21,82,'327',1,'2025-07-02 10:51:43'),(307,21,83,'330',1,'2025-07-02 10:51:43'),(308,21,84,'334',1,'2025-07-02 10:51:43'),(309,21,85,'338',1,'2025-07-02 10:51:43'),(310,21,86,'343',1,'2025-07-02 10:51:43'),(311,21,87,'347',0,'2025-07-02 10:51:43'),(312,21,88,'352',1,'2025-07-02 10:51:43'),(313,21,89,'354',1,'2025-07-02 10:51:43'),(314,21,90,'359',1,'2025-07-02 10:51:43'),(315,21,91,'362',1,'2025-07-02 10:51:43'),(316,21,92,'366',0,'2025-07-02 10:51:43'),(317,21,93,'370',1,'2025-07-02 10:51:43'),(318,21,94,'374',1,'2025-07-02 10:51:43'),(319,21,95,'378',0,'2025-07-02 10:51:43'),(320,22,17,'68',1,'2025-07-02 10:58:46'),(321,22,18,'69',1,'2025-07-02 10:58:46'),(322,22,19,'74',1,'2025-07-02 10:58:46'),(323,22,20,'78',0,'2025-07-02 10:58:46'),(324,22,21,'82',0,'2025-07-02 10:58:46'),(325,22,22,'86',1,'2025-07-02 10:58:46'),(326,22,23,'92',0,'2025-07-02 10:58:46'),(327,22,24,'93',1,'2025-07-02 10:58:46'),(328,22,25,'99',0,'2025-07-02 10:58:46'),(329,22,26,'102',1,'2025-07-02 10:58:46'),(330,22,27,'105',0,'2025-07-02 10:58:46'),(331,22,28,'111',0,'2025-07-02 10:58:46'),(332,22,29,'114',0,'2025-07-02 10:58:46'),(333,22,30,'118',1,'2025-07-02 10:58:46'),(334,22,31,'122',1,'2025-07-02 10:58:46'),(335,22,32,'126',1,'2025-07-02 10:58:46'),(336,22,33,'129',1,'2025-07-02 10:58:46'),(337,22,34,'135',0,'2025-07-02 10:58:46'),(338,22,35,'138',1,'2025-07-02 10:58:46'),(339,22,36,'141',1,'2025-07-02 10:58:46'),(340,22,37,'145',0,'2025-07-02 10:58:46'),(341,22,38,'149',1,'2025-07-02 10:58:46'),(342,22,39,'154',1,'2025-07-02 10:58:46'),(343,22,40,'158',1,'2025-07-02 10:58:46'),(344,22,41,'164',0,'2025-07-02 10:58:46'),(345,22,42,'166',1,'2025-07-02 10:58:46'),(346,22,43,'169',0,'2025-07-02 10:58:46'),(347,22,44,'174',1,'2025-07-02 10:58:46'),(348,22,45,'177',1,'2025-07-02 10:58:46'),(349,22,46,'',0,'2025-07-02 10:58:46'),(350,23,77,'305',0,'2025-07-02 10:58:47'),(351,23,78,'310',1,'2025-07-02 10:58:47'),(352,23,79,'315',1,'2025-07-02 10:58:47'),(353,23,80,'319',1,'2025-07-02 10:58:47'),(354,23,81,'322',1,'2025-07-02 10:58:47'),(355,23,82,'327',1,'2025-07-02 10:58:47'),(356,23,83,'330',1,'2025-07-02 10:58:47'),(357,23,84,'334',1,'2025-07-02 10:58:47'),(358,23,85,'338',1,'2025-07-02 10:58:47'),(359,23,86,'343',1,'2025-07-02 10:58:47'),(360,23,87,'345',1,'2025-07-02 10:58:47'),(361,23,88,'352',1,'2025-07-02 10:58:47'),(362,23,89,'354',1,'2025-07-02 10:58:47'),(363,23,90,'359',1,'2025-07-02 10:58:47'),(364,23,91,'362',1,'2025-07-02 10:58:47'),(365,23,92,'367',0,'2025-07-02 10:58:47'),(366,23,93,'370',1,'2025-07-02 10:58:47'),(367,23,94,'374',1,'2025-07-02 10:58:47'),(368,23,95,'378',0,'2025-07-02 10:58:47'),(369,24,77,'305',0,'2025-07-02 11:08:30'),(370,24,78,'310',1,'2025-07-02 11:08:30'),(371,24,79,'315',1,'2025-07-02 11:08:30'),(372,24,80,'319',1,'2025-07-02 11:08:30'),(373,24,81,'322',1,'2025-07-02 11:08:30'),(374,24,82,'327',1,'2025-07-02 11:08:30'),(375,24,83,'330',1,'2025-07-02 11:08:30'),(376,24,84,'334',1,'2025-07-02 11:08:30'),(377,24,85,'337',0,'2025-07-02 11:08:30'),(378,24,86,'343',1,'2025-07-02 11:08:30'),(379,24,87,'348',0,'2025-07-02 11:08:30'),(380,24,88,'351',0,'2025-07-02 11:08:30'),(381,24,89,'354',1,'2025-07-02 11:08:30'),(382,24,90,'359',1,'2025-07-02 11:08:30'),(383,24,91,'362',1,'2025-07-02 11:08:30'),(384,24,92,'367',0,'2025-07-02 11:08:30'),(385,24,93,'370',1,'2025-07-02 11:08:30'),(386,24,94,'374',1,'2025-07-02 11:08:30'),(387,24,95,'378',0,'2025-07-02 11:08:30'),(388,24,96,'383',1,'2025-07-02 11:08:30'),(389,25,97,'385',0,'2025-07-02 11:51:47'),(390,25,98,'391',0,'2025-07-02 11:51:47'),(391,25,99,'394',1,'2025-07-02 11:51:47'),(392,25,100,'398',1,'2025-07-02 11:51:47'),(393,25,101,'402',0,'2025-07-02 11:51:47'),(394,25,102,'408',0,'2025-07-02 11:51:47'),(395,25,103,'410',1,'2025-07-02 11:51:47'),(396,25,104,'413',1,'2025-07-02 11:51:47'),(397,25,105,'417',0,'2025-07-02 11:51:47'),(398,25,106,'421',1,'2025-07-02 11:51:47'),(399,25,107,'426',1,'2025-07-02 11:51:47'),(400,25,108,'429',1,'2025-07-02 11:51:47'),(401,25,109,'434',0,'2025-07-02 11:51:47'),(402,25,110,'440',0,'2025-07-02 11:51:47'),(403,25,111,'441',1,'2025-07-02 11:51:47'),(404,25,112,'446',1,'2025-07-02 11:51:47'),(405,25,113,'450',1,'2025-07-02 11:51:47'),(406,25,114,'454',1,'2025-07-02 11:51:47'),(407,25,115,'458',1,'2025-07-02 11:51:47'),(408,25,116,'462',1,'2025-07-02 11:51:47'),(409,25,117,'467',0,'2025-07-02 11:51:47'),(410,25,118,'470',1,'2025-07-02 11:51:47'),(411,27,97,'386',1,'2025-07-02 12:11:39'),(412,27,98,'389',1,'2025-07-02 12:11:39'),(413,27,99,'394',1,'2025-07-02 12:11:39'),(414,27,100,'400',0,'2025-07-02 12:11:39'),(415,27,101,'402',0,'2025-07-02 12:11:39'),(416,27,102,'406',1,'2025-07-02 12:11:39'),(417,27,103,'410',1,'2025-07-02 12:11:39'),(418,27,104,'413',1,'2025-07-02 12:11:39'),(419,27,105,'420',1,'2025-07-02 12:11:39'),(420,27,106,'421',1,'2025-07-02 12:11:39'),(421,27,107,'426',1,'2025-07-02 12:11:39'),(422,27,108,'432',0,'2025-07-02 12:11:39'),(423,27,109,'434',0,'2025-07-02 12:11:39'),(424,27,110,'440',0,'2025-07-02 12:11:39'),(425,27,111,'444',0,'2025-07-02 12:11:39'),(426,27,112,'446',1,'2025-07-02 12:11:39'),(427,27,113,'450',1,'2025-07-02 12:11:39'),(428,27,114,'454',1,'2025-07-02 12:11:39'),(429,27,115,'458',1,'2025-07-02 12:11:39'),(430,27,116,'462',1,'2025-07-02 12:11:39'),(431,27,117,'466',0,'2025-07-02 12:11:39'),(432,28,17,'68',1,'2025-07-02 12:37:24'),(433,28,18,'69',1,'2025-07-02 12:37:24'),(434,28,19,'74',1,'2025-07-02 12:37:24'),(435,28,20,'77',1,'2025-07-02 12:37:24'),(436,28,21,'83',1,'2025-07-02 12:37:24'),(437,28,22,'86',1,'2025-07-02 12:37:24'),(438,28,23,'91',1,'2025-07-02 12:37:24'),(439,28,24,'93',1,'2025-07-02 12:37:24'),(440,28,25,'98',1,'2025-07-02 12:37:24'),(441,28,26,'102',1,'2025-07-02 12:37:24'),(442,28,27,'106',1,'2025-07-02 12:37:24'),(443,28,28,'111',0,'2025-07-02 12:37:24'),(444,28,29,'114',0,'2025-07-02 12:37:24'),(445,28,30,'120',0,'2025-07-02 12:37:24'),(446,28,31,'121',0,'2025-07-02 12:37:24'),(447,28,32,'126',1,'2025-07-02 12:37:24'),(448,28,33,'129',1,'2025-07-02 12:37:24'),(449,28,34,'135',0,'2025-07-02 12:37:24'),(450,28,35,'138',1,'2025-07-02 12:37:24'),(451,28,36,'143',0,'2025-07-02 12:37:24'),(452,28,37,'147',1,'2025-07-02 12:37:24'),(453,28,38,'149',1,'2025-07-02 12:37:24'),(454,28,39,'154',1,'2025-07-02 12:37:24'),(455,28,40,'157',0,'2025-07-02 12:37:24'),(456,28,41,'161',1,'2025-07-02 12:37:24'),(457,28,42,'166',1,'2025-07-02 12:37:24'),(458,28,43,'169',0,'2025-07-02 12:37:24'),(459,28,44,'173',0,'2025-07-02 12:37:24'),(460,28,45,'177',1,'2025-07-02 12:37:24'),(461,29,17,'68',1,'2025-07-03 04:46:01'),(462,29,18,'69',1,'2025-07-03 04:46:01'),(463,29,19,'74',1,'2025-07-03 04:46:01'),(464,29,20,'78',0,'2025-07-03 04:46:01'),(465,29,21,'82',0,'2025-07-03 04:46:01'),(466,29,22,'86',1,'2025-07-03 04:46:01'),(467,29,23,'91',1,'2025-07-03 04:46:01'),(468,29,24,'93',1,'2025-07-03 04:46:01'),(469,29,25,'98',1,'2025-07-03 04:46:01'),(470,29,26,'102',1,'2025-07-03 04:46:01'),(471,29,27,'106',1,'2025-07-03 04:46:01'),(472,29,28,'110',1,'2025-07-03 04:46:01'),(473,29,29,'115',1,'2025-07-03 04:46:01'),(474,29,30,'118',1,'2025-07-03 04:46:01'),(475,29,31,'122',1,'2025-07-03 04:46:01'),(476,29,32,'126',1,'2025-07-03 04:46:01'),(477,29,33,'129',1,'2025-07-03 04:46:01'),(478,29,34,'134',1,'2025-07-03 04:46:01'),(479,29,35,'138',1,'2025-07-03 04:46:01'),(480,29,36,'141',1,'2025-07-03 04:46:01'),(481,29,37,'145',0,'2025-07-03 04:46:01'),(482,29,38,'149',1,'2025-07-03 04:46:01'),(483,29,39,'155',0,'2025-07-03 04:46:01'),(484,29,40,'159',0,'2025-07-03 04:46:01'),(485,29,41,'161',1,'2025-07-03 04:46:01'),(486,29,42,'166',1,'2025-07-03 04:46:01'),(487,29,43,'169',0,'2025-07-03 04:46:01'),(488,29,44,'174',1,'2025-07-03 04:46:01'),(489,29,45,'177',1,'2025-07-03 04:46:01'),(490,30,97,'385',0,'2025-07-03 04:46:06'),(491,30,98,'389',1,'2025-07-03 04:46:06'),(492,30,99,'394',1,'2025-07-03 04:46:06'),(493,30,100,'398',1,'2025-07-03 04:46:06'),(494,30,101,'403',1,'2025-07-03 04:46:06'),(495,30,102,'406',1,'2025-07-03 04:46:06'),(496,30,103,'410',1,'2025-07-03 04:46:06'),(497,30,104,'413',1,'2025-07-03 04:46:06'),(498,30,105,'419',0,'2025-07-03 04:46:06'),(499,30,106,'421',1,'2025-07-03 04:46:06'),(500,30,107,'426',1,'2025-07-03 04:46:06'),(501,30,108,'429',1,'2025-07-03 04:46:06'),(502,30,109,'434',0,'2025-07-03 04:46:06'),(503,30,110,'437',1,'2025-07-03 04:46:06'),(504,30,111,'441',1,'2025-07-03 04:46:06'),(505,30,112,'446',1,'2025-07-03 04:46:06'),(506,30,113,'450',1,'2025-07-03 04:46:06'),(507,30,114,'454',1,'2025-07-03 04:46:06'),(508,30,115,'458',1,'2025-07-03 04:46:06'),(509,30,116,'462',1,'2025-07-03 04:46:06'),(510,30,117,'468',0,'2025-07-03 04:46:06'),(511,30,118,'470',1,'2025-07-03 04:46:06'),(512,32,97,'386',1,'2025-07-03 09:22:38'),(513,32,98,'389',1,'2025-07-03 09:22:38'),(514,32,99,'393',0,'2025-07-03 09:22:38'),(515,33,97,'386',1,'2025-07-03 09:43:04'),(516,33,98,'389',1,'2025-07-03 09:43:04'),(517,33,99,'393',0,'2025-07-03 09:43:04'),(518,33,100,'398',1,'2025-07-03 09:43:04'),(519,33,101,'402',0,'2025-07-03 09:43:04'),(520,33,102,'406',1,'2025-07-03 09:43:04'),(521,33,103,'410',1,'2025-07-03 09:43:04'),(522,33,104,'415',0,'2025-07-03 09:43:04'),(523,33,105,'419',0,'2025-07-03 09:43:04'),(524,33,106,'421',1,'2025-07-03 09:43:04'),(525,33,107,'426',1,'2025-07-03 09:43:04'),(526,33,108,'429',1,'2025-07-03 09:43:04'),(527,33,109,'435',1,'2025-07-03 09:43:04'),(528,33,110,'440',0,'2025-07-03 09:43:04'),(529,33,111,'444',0,'2025-07-03 09:43:04'),(530,33,112,'446',1,'2025-07-03 09:43:04'),(531,33,113,'450',1,'2025-07-03 09:43:04'),(532,33,114,'454',1,'2025-07-03 09:43:04'),(533,33,115,'458',1,'2025-07-03 09:43:04'),(534,33,116,'462',1,'2025-07-03 09:43:04'),(535,33,117,'466',0,'2025-07-03 09:43:04'),(536,33,118,'470',1,'2025-07-03 09:43:04');
/*!40000 ALTER TABLE `student_answers` ENABLE KEYS */;
UNLOCK TABLES;

--
-- Table structure for table `users`
--

DROP TABLE IF EXISTS `users`;
/*!40101 SET @saved_cs_client     = @@character_set_client */;
/*!50503 SET character_set_client = utf8mb4 */;
CREATE TABLE `users` (
  `userid` int NOT NULL AUTO_INCREMENT,
  `username` varchar(100) NOT NULL,
  `password` varchar(255) NOT NULL,
  `email` varchar(255) DEFAULT NULL,
  `full_name` varchar(255) DEFAULT NULL,
  `usertype` varchar(50) NOT NULL DEFAULT 'Student',
  `status` varchar(50) NOT NULL DEFAULT 'active',
  `created_at` timestamp NULL DEFAULT CURRENT_TIMESTAMP,
  PRIMARY KEY (`userid`),
  UNIQUE KEY `username` (`username`),
  UNIQUE KEY `email` (`email`)
) ENGINE=InnoDB AUTO_INCREMENT=19 DEFAULT CHARSET=utf8mb4 COLLATE=utf8mb4_0900_ai_ci;
/*!40101 SET character_set_client = @saved_cs_client */;

--
-- Dumping data for table `users`
--

LOCK TABLES `users` WRITE;
/*!40000 ALTER TABLE `users` DISABLE KEYS */;
INSERT INTO `users` VALUES (1,'admin','$2y$10$Jflt3wf4P/g.WBerMzEKCuHlZrA2URjHHis0Gq5mHwQtJ6HBv7BuS','admin@example.com','Admin User','Admin','active','2025-06-30 10:02:37'),(2,'student1','$2y$10$ux0ILHEQIGydN5HSdSKtiupZzKAIh1k4G/JCGzt5Jl8DUANtAfa72','student1@example.com','Student One','Student','active','2025-06-30 10:02:37'),(3,'minhaz','$2y$10$7xMmFr4QT61nPS/NeX2kleQBZqsRpaAm0Jbh49MIT7uZsFTBXsGLK','minhaz@fsiblbd.com','Minhaz the BOSS','Student','active','2025-06-30 11:03:03'),(4,'jumman ','$2y$10$86rAJHXU2yRmPUFw.XnyKetY4Yz8WXDzF30w0DWFQew2.D6islX2e','jumman@fsiblbd.com','Md. Jumman Uddin','Student','active','2025-06-30 11:24:03'),(5,'bablu','$2y$10$J4xGoLCuCWovhWykYVAuTeOPmNEJgCFrVi2Xv0mU93g5xMmcnG/gq','bablu05938@fsiblbd.com','Bablu Barua','Student','active','2025-06-30 11:24:28'),(6,'arefin','$2y$10$aUZmIiGAqy/ObJqSmxIOGeRUv2qeRUtNIEDAD/k/AcWBupO1LcgLO','arefin@fsiblbd.com','Md. Sirajul Arefin','Student','active','2025-06-30 11:24:54'),(7,'anis','$2y$10$5XBmJU.2akZWJ3RQyNuJxuqGR4j4OfyUHNMrWVe/FYgiMgvdvRPIm','anis@fsiblbd.com','Md. Anisur Rahman','Student','active','2025-06-30 11:25:28'),(8,'borhan','$2y$10$0jBHyt8tHa00f/V4O9mfBOlPGKhA2to.meCnHLMZ7Jcx9uTGzDr.i','borhan05575@fsiblbd.com','Md. Borhan Uddin','Student','active','2025-06-30 11:25:40'),(9,'tarek','$2y$10$UGDUZLl8GuChtYn6zWq6e.aAPtifjTMEbrI9qrFW8rf9wHAjDNxHC','tarek05955@fsiblbd.com','Tarek Hasan','Student','active','2025-06-30 11:26:25'),(10,'surad','$2y$10$05mE6nyxhrFOsqGltBgLPuCG9oL7iKN8xSXDgChq/hQoAjNLp2rG.','suradctg11@gmail.com','Jumman Surad','Student','active','2025-06-30 11:41:19'),(11,'samiul','$2y$10$0Kc61yc6kBs72PwXwHVlLe41CyCinxSuDU474LT4jrYqzjeFuZW8G','samiul@fsiblbd.com','Samiul Haque','Student','active','2025-07-01 07:41:10'),(12,'nayeem','$2y$10$EIhvH/f1GI27sVnGJOTJ5.iQ0.8YPt2CYy87mRZjUstcKmVvBgVSW','nayeem@fsiblbd.com','Abu Nayeem Mohammad Mostain t','Student','active','2025-07-02 08:56:48'),(13,'2019010104337','$2y$10$3zY1leD4Qdp0WlDEdOD4LO3ylTHTj3zoPKy6UxwV6kcOFyKkIhnmK','m.mamunurrashid@gmail.com','Mohammad','Student','active','2025-07-02 10:32:33'),(14,'sam','$2y$10$FjsrxZnojz4lqZWveldCh.7EdqS9qvmEbPZHzEA7XMD08eGfkIpgG','samiul0074@gmail.com','Samiul Haque','Student','active','2025-07-02 10:47:40'),(15,'nahid','$2y$10$Nn3HG3pdLSibzP/ygeSxFOoH8XlyhcLzOr8PgtROc/TUeWsRLjDsK','nahidcse32@gmail.com','nahid','Student','active','2025-07-02 12:01:00'),(16,'miskat','$2y$10$Dpb.6A2tL97v5xAwk.akD.yL3fG5s58jma3SUjTRcr9rZcBRsYW/i','miskat04659@fsiblbd.com','miskat','Student','active','2025-07-02 12:05:16'),(17,'kaicher05577','$2y$10$o7tgSH1SvPzuN1PJi5keWeTNsJWtb3G/8yL5B1kBoVuEVYWQMBfD2','kaicher05577@fsiblbd.com','Kaicher Hamid','Student','active','2025-07-02 12:22:01'),(18,'Ahsan','$2y$10$8FeJPwXhLjrZbdumk659r.tbU9kS2d.ME5hs6a4lscNrhib/h9Jjq','kabir@fsiblbd.com','ahsanul Kabir','Student','active','2025-07-03 04:30:46');
/*!40000 ALTER TABLE `users` ENABLE KEYS */;
UNLOCK TABLES;
/*!40103 SET TIME_ZONE=@OLD_TIME_ZONE */;

/*!40101 SET SQL_MODE=@OLD_SQL_MODE */;
/*!40014 SET FOREIGN_KEY_CHECKS=@OLD_FOREIGN_KEY_CHECKS */;
/*!40014 SET UNIQUE_CHECKS=@OLD_UNIQUE_CHECKS */;
/*!40101 SET CHARACTER_SET_CLIENT=@OLD_CHARACTER_SET_CLIENT */;
/*!40101 SET CHARACTER_SET_RESULTS=@OLD_CHARACTER_SET_RESULTS */;
/*!40101 SET COLLATION_CONNECTION=@OLD_COLLATION_CONNECTION */;
/*!40111 SET SQL_NOTES=@OLD_SQL_NOTES */;

-- Dump completed on 2025-07-03 15:46:11
